core	planning-calculators.html	https://aftertaxtool.com/planning-calculators.html
core	salary-guides.html	https://aftertaxtool.com/salary-guides.html
core	salary-after-tax-us.html	https://aftertaxtool.com/salary-after-tax-us.html
core	salary-after-tax-by-state.html	https://aftertaxtool.com/salary-after-tax-by-state.html
core	index.html	https://aftertaxtool.com/
core	salary-after-tax-uk.html	https://aftertaxtool.com/salary-after-tax-uk.html
uk	318000-salary-after-tax-uk.html	https://aftertaxtool.com/318000-salary-after-tax-uk.html
uk	339000-salary-after-tax-uk.html	https://aftertaxtool.com/339000-salary-after-tax-uk.html
uk	340000-salary-after-tax-uk.html	https://aftertaxtool.com/340000-salary-after-tax-uk.html
uk	147000-salary-after-tax-uk.html	https://aftertaxtool.com/147000-salary-after-tax-uk.html
uk	358000-salary-after-tax-uk.html	https://aftertaxtool.com/358000-salary-after-tax-uk.html
uk	277000-salary-after-tax-uk.html	https://aftertaxtool.com/277000-salary-after-tax-uk.html
uk	392000-salary-after-tax-uk.html	https://aftertaxtool.com/392000-salary-after-tax-uk.html
uk	salary-tax-traps-uk.html	https://aftertaxtool.com/salary-tax-traps-uk.html
uk	51000-salary-after-tax-uk.html	https://aftertaxtool.com/51000-salary-after-tax-uk.html
uk	398000-salary-after-tax-uk.html	https://aftertaxtool.com/398000-salary-after-tax-uk.html
uk	221000-salary-after-tax-uk.html	https://aftertaxtool.com/221000-salary-after-tax-uk.html
uk	110000-salary-after-tax-uk.html	https://aftertaxtool.com/110000-salary-after-tax-uk.html
uk	payslip-explained.html	https://aftertaxtool.com/payslip-explained.html
uk	284000-salary-after-tax-uk.html	https://aftertaxtool.com/284000-salary-after-tax-uk.html
uk	125000-salary-after-tax-uk.html	https://aftertaxtool.com/125000-salary-after-tax-uk.html
stateHub	salary-after-tax-north-dakota.html	https://aftertaxtool.com/salary-after-tax-north-dakota.html
stateHub	salary-after-tax-maine.html	https://aftertaxtool.com/salary-after-tax-maine.html
stateHub	salary-after-tax-new-jersey.html	https://aftertaxtool.com/salary-after-tax-new-jersey.html
stateHub	salary-after-tax-kentucky.html	https://aftertaxtool.com/salary-after-tax-kentucky.html
stateHub	salary-after-tax-florida.html	https://aftertaxtool.com/salary-after-tax-florida.html
stateHub	salary-after-tax-michigan.html	https://aftertaxtool.com/salary-after-tax-michigan.html
stateHub	salary-after-tax-north-carolina.html	https://aftertaxtool.com/salary-after-tax-north-carolina.html
stateHub	salary-after-tax-arkansas.html	https://aftertaxtool.com/salary-after-tax-arkansas.html
stateHub	salary-after-tax-mississippi.html	https://aftertaxtool.com/salary-after-tax-mississippi.html
stateHub	salary-after-tax-virginia.html	https://aftertaxtool.com/salary-after-tax-virginia.html
stateHub	salary-after-tax-alaska.html	https://aftertaxtool.com/salary-after-tax-alaska.html
stateHub	salary-after-tax-alabama.html	https://aftertaxtool.com/salary-after-tax-alabama.html
stateHub	salary-after-tax-idaho.html	https://aftertaxtool.com/salary-after-tax-idaho.html
stateHub	salary-after-tax-missouri.html	https://aftertaxtool.com/salary-after-tax-missouri.html
stateHub	salary-after-tax-new-mexico.html	https://aftertaxtool.com/salary-after-tax-new-mexico.html
annual	135000-salary-after-tax-arkansas.html	https://aftertaxtool.com/135000-salary-after-tax-arkansas.html
annual	187000-salary-after-tax-utah.html	https://aftertaxtool.com/187000-salary-after-tax-utah.html
annual	168000-salary-after-tax-rhode-island.html	https://aftertaxtool.com/168000-salary-after-tax-rhode-island.html
annual	158000-salary-after-tax-wisconsin.html	https://aftertaxtool.com/158000-salary-after-tax-wisconsin.html
annual	149000-salary-after-tax-delaware.html	https://aftertaxtool.com/149000-salary-after-tax-delaware.html
annual	99000-salary-after-tax-vermont.html	https://aftertaxtool.com/99000-salary-after-tax-vermont.html
annual	194000-salary-after-tax-pennsylvania.html	https://aftertaxtool.com/194000-salary-after-tax-pennsylvania.html
annual	131000-salary-after-tax-massachusetts.html	https://aftertaxtool.com/131000-salary-after-tax-massachusetts.html
annual	107000-salary-after-tax-indiana.html	https://aftertaxtool.com/107000-salary-after-tax-indiana.html
annual	34000-salary-after-tax-utah.html	https://aftertaxtool.com/34000-salary-after-tax-utah.html
annual	144000-salary-after-tax-new-jersey.html	https://aftertaxtool.com/144000-salary-after-tax-new-jersey.html
annual	169000-salary-after-tax-michigan.html	https://aftertaxtool.com/169000-salary-after-tax-michigan.html
annual	147000-salary-after-tax-montana.html	https://aftertaxtool.com/147000-salary-after-tax-montana.html
annual	72000-salary-after-tax-new-mexico.html	https://aftertaxtool.com/72000-salary-after-tax-new-mexico.html
annual	186000-salary-after-tax-ohio.html	https://aftertaxtool.com/186000-salary-after-tax-ohio.html
annual	138000-salary-after-tax-north-dakota.html	https://aftertaxtool.com/138000-salary-after-tax-north-dakota.html
annual	80000-salary-after-tax-minnesota.html	https://aftertaxtool.com/80000-salary-after-tax-minnesota.html
annual	149000-salary-after-tax-north-carolina.html	https://aftertaxtool.com/149000-salary-after-tax-north-carolina.html
annual	181000-salary-after-tax-maine.html	https://aftertaxtool.com/181000-salary-after-tax-maine.html
annual	145000-salary-after-tax-maryland.html	https://aftertaxtool.com/145000-salary-after-tax-maryland.html
monthly	175000-after-tax-monthly-new-york.html	https://aftertaxtool.com/175000-after-tax-monthly-new-york.html
monthly	146000-after-tax-monthly-utah.html	https://aftertaxtool.com/146000-after-tax-monthly-utah.html
monthly	70000-after-tax-monthly-maryland.html	https://aftertaxtool.com/70000-after-tax-monthly-maryland.html
monthly	194000-after-tax-monthly-wyoming.html	https://aftertaxtool.com/194000-after-tax-monthly-wyoming.html
monthly	179000-after-tax-monthly-maine.html	https://aftertaxtool.com/179000-after-tax-monthly-maine.html
monthly	35000-after-tax-monthly-washington.html	https://aftertaxtool.com/35000-after-tax-monthly-washington.html
monthly	37000-after-tax-monthly-new-hampshire.html	https://aftertaxtool.com/37000-after-tax-monthly-new-hampshire.html
monthly	183000-after-tax-monthly-hawaii.html	https://aftertaxtool.com/183000-after-tax-monthly-hawaii.html
monthly	150000-after-tax-monthly-arizona.html	https://aftertaxtool.com/150000-after-tax-monthly-arizona.html
monthly	156000-after-tax-monthly-texas.html	https://aftertaxtool.com/156000-after-tax-monthly-texas.html
monthly	142000-after-tax-monthly-ohio.html	https://aftertaxtool.com/142000-after-tax-monthly-ohio.html
monthly	103000-after-tax-monthly-rhode-island.html	https://aftertaxtool.com/103000-after-tax-monthly-rhode-island.html
monthly	63000-after-tax-monthly-nevada.html	https://aftertaxtool.com/63000-after-tax-monthly-nevada.html
monthly	161000-after-tax-monthly-kansas.html	https://aftertaxtool.com/161000-after-tax-monthly-kansas.html
monthly	182000-after-tax-monthly-alabama.html	https://aftertaxtool.com/182000-after-tax-monthly-alabama.html
weekly	161000-after-tax-weekly-virginia.html	https://aftertaxtool.com/161000-after-tax-weekly-virginia.html
weekly	168000-after-tax-weekly-mississippi.html	https://aftertaxtool.com/168000-after-tax-weekly-mississippi.html
weekly	172000-after-tax-weekly-north-dakota.html	https://aftertaxtool.com/172000-after-tax-weekly-north-dakota.html
weekly	106000-after-tax-weekly-montana.html	https://aftertaxtool.com/106000-after-tax-weekly-montana.html
weekly	143000-after-tax-weekly-massachusetts.html	https://aftertaxtool.com/143000-after-tax-weekly-massachusetts.html
weekly	63000-after-tax-weekly-south-carolina.html	https://aftertaxtool.com/63000-after-tax-weekly-south-carolina.html
weekly	62000-after-tax-weekly-north-dakota.html	https://aftertaxtool.com/62000-after-tax-weekly-north-dakota.html
weekly	26000-after-tax-weekly-south-dakota.html	https://aftertaxtool.com/26000-after-tax-weekly-south-dakota.html
weekly	67000-after-tax-weekly-mississippi.html	https://aftertaxtool.com/67000-after-tax-weekly-mississippi.html
weekly	102000-after-tax-weekly-arkansas.html	https://aftertaxtool.com/102000-after-tax-weekly-arkansas.html
weekly	138000-after-tax-weekly-idaho.html	https://aftertaxtool.com/138000-after-tax-weekly-idaho.html
weekly	105000-after-tax-weekly-idaho.html	https://aftertaxtool.com/105000-after-tax-weekly-idaho.html
weekly	75000-after-tax-weekly-rhode-island.html	https://aftertaxtool.com/75000-after-tax-weekly-rhode-island.html
weekly	166000-after-tax-weekly-indiana.html	https://aftertaxtool.com/166000-after-tax-weekly-indiana.html
weekly	120000-after-tax-weekly-iowa.html	https://aftertaxtool.com/120000-after-tax-weekly-iowa.html
hourly	83000-take-home-pay-uk.html	https://aftertaxtool.com/83000-take-home-pay-uk.html
hourly	73000-take-home-pay-uk.html	https://aftertaxtool.com/73000-take-home-pay-uk.html
hourly	median-salary-uk.html	https://aftertaxtool.com/median-salary-uk.html
hourly	86000-take-home-pay-uk.html	https://aftertaxtool.com/86000-take-home-pay-uk.html
hourly	13-an-hour-salary-uk.html	https://aftertaxtool.com/13-an-hour-salary-uk.html
hourly	35000-take-home-pay-uk.html	https://aftertaxtool.com/35000-take-home-pay-uk.html
hourly	30-an-hour-salary-uk.html	https://aftertaxtool.com/30-an-hour-salary-uk.html
hourly	91000-take-home-pay-uk.html	https://aftertaxtool.com/91000-take-home-pay-uk.html
hourly	is-40000-a-good-salary-uk.html	https://aftertaxtool.com/is-40000-a-good-salary-uk.html
hourly	95000-take-home-pay-uk.html	https://aftertaxtool.com/95000-take-home-pay-uk.html