core	planning-calculators.html	200 https://aftertaxtool.com/planning-calculators.html text/html; charset=utf-8 0
core	salary-guides.html	200 https://aftertaxtool.com/salary-guides.html text/html; charset=utf-8 0
core	salary-after-tax-us.html	200 https://aftertaxtool.com/salary-after-tax-us.html text/html; charset=utf-8 0
core	salary-after-tax-by-state.html	200 https://aftertaxtool.com/salary-after-tax-by-state.html text/html; charset=utf-8 0
core	index.html	200 https://aftertaxtool.com/ text/html; charset=utf-8 0
core	salary-after-tax-uk.html	200 https://aftertaxtool.com/salary-after-tax-uk.html text/html; charset=utf-8 0
uk	318000-salary-after-tax-uk.html	200 https://aftertaxtool.com/318000-salary-after-tax-uk.html text/html; charset=utf-8 0
uk	339000-salary-after-tax-uk.html	200 https://aftertaxtool.com/339000-salary-after-tax-uk.html text/html; charset=utf-8 0
uk	340000-salary-after-tax-uk.html	200 https://aftertaxtool.com/340000-salary-after-tax-uk.html text/html; charset=utf-8 0
uk	147000-salary-after-tax-uk.html	200 https://aftertaxtool.com/147000-salary-after-tax-uk.html text/html; charset=utf-8 0
uk	358000-salary-after-tax-uk.html	200 https://aftertaxtool.com/358000-salary-after-tax-uk.html text/html; charset=utf-8 0
uk	277000-salary-after-tax-uk.html	200 https://aftertaxtool.com/277000-salary-after-tax-uk.html text/html; charset=utf-8 0
uk	392000-salary-after-tax-uk.html	200 https://aftertaxtool.com/392000-salary-after-tax-uk.html text/html; charset=utf-8 0
uk	salary-tax-traps-uk.html	200 https://aftertaxtool.com/salary-tax-traps-uk.html text/html; charset=utf-8 0
uk	51000-salary-after-tax-uk.html	200 https://aftertaxtool.com/51000-salary-after-tax-uk.html text/html; charset=utf-8 0
uk	398000-salary-after-tax-uk.html	200 https://aftertaxtool.com/398000-salary-after-tax-uk.html text/html; charset=utf-8 0
uk	221000-salary-after-tax-uk.html	200 https://aftertaxtool.com/221000-salary-after-tax-uk.html text/html; charset=utf-8 0
uk	110000-salary-after-tax-uk.html	200 https://aftertaxtool.com/110000-salary-after-tax-uk.html text/html; charset=utf-8 0
uk	payslip-explained.html	200 https://aftertaxtool.com/payslip-explained.html text/html; charset=utf-8 0
uk	284000-salary-after-tax-uk.html	200 https://aftertaxtool.com/284000-salary-after-tax-uk.html text/html; charset=utf-8 0
uk	125000-salary-after-tax-uk.html	200 https://aftertaxtool.com/125000-salary-after-tax-uk.html text/html; charset=utf-8 0
stateHub	salary-after-tax-north-dakota.html	200 https://aftertaxtool.com/salary-after-tax-north-dakota.html text/html; charset=utf-8 0
stateHub	salary-after-tax-maine.html	200 https://aftertaxtool.com/salary-after-tax-maine.html text/html; charset=utf-8 0
stateHub	salary-after-tax-new-jersey.html	200 https://aftertaxtool.com/salary-after-tax-new-jersey.html text/html; charset=utf-8 0
stateHub	salary-after-tax-kentucky.html	200 https://aftertaxtool.com/salary-after-tax-kentucky.html text/html; charset=utf-8 0
stateHub	salary-after-tax-florida.html	200 https://aftertaxtool.com/salary-after-tax-florida.html text/html; charset=utf-8 0
stateHub	salary-after-tax-michigan.html	200 https://aftertaxtool.com/salary-after-tax-michigan.html text/html; charset=utf-8 0
stateHub	salary-after-tax-north-carolina.html	200 https://aftertaxtool.com/salary-after-tax-north-carolina.html text/html; charset=utf-8 0
stateHub	salary-after-tax-arkansas.html	200 https://aftertaxtool.com/salary-after-tax-arkansas.html text/html; charset=utf-8 0
stateHub	salary-after-tax-mississippi.html	200 https://aftertaxtool.com/salary-after-tax-mississippi.html text/html; charset=utf-8 0
stateHub	salary-after-tax-virginia.html	200 https://aftertaxtool.com/salary-after-tax-virginia.html text/html; charset=utf-8 0
stateHub	salary-after-tax-alaska.html	200 https://aftertaxtool.com/salary-after-tax-alaska.html text/html; charset=utf-8 0
stateHub	salary-after-tax-alabama.html	200 https://aftertaxtool.com/salary-after-tax-alabama.html text/html; charset=utf-8 0
stateHub	salary-after-tax-idaho.html	200 https://aftertaxtool.com/salary-after-tax-idaho.html text/html; charset=utf-8 0
stateHub	salary-after-tax-missouri.html	200 https://aftertaxtool.com/salary-after-tax-missouri.html text/html; charset=utf-8 0
stateHub	salary-after-tax-new-mexico.html	200 https://aftertaxtool.com/salary-after-tax-new-mexico.html text/html; charset=utf-8 0
annual	135000-salary-after-tax-arkansas.html	200 https://aftertaxtool.com/135000-salary-after-tax-arkansas.html text/html; charset=utf-8 0
annual	187000-salary-after-tax-utah.html	200 https://aftertaxtool.com/187000-salary-after-tax-utah.html text/html; charset=utf-8 0
annual	168000-salary-after-tax-rhode-island.html	200 https://aftertaxtool.com/168000-salary-after-tax-rhode-island.html text/html; charset=utf-8 0
annual	158000-salary-after-tax-wisconsin.html	200 https://aftertaxtool.com/158000-salary-after-tax-wisconsin.html text/html; charset=utf-8 0
annual	149000-salary-after-tax-delaware.html	200 https://aftertaxtool.com/149000-salary-after-tax-delaware.html text/html; charset=utf-8 0
annual	99000-salary-after-tax-vermont.html	200 https://aftertaxtool.com/99000-salary-after-tax-vermont.html text/html; charset=utf-8 0
annual	194000-salary-after-tax-pennsylvania.html	200 https://aftertaxtool.com/194000-salary-after-tax-pennsylvania.html text/html; charset=utf-8 0
annual	131000-salary-after-tax-massachusetts.html	200 https://aftertaxtool.com/131000-salary-after-tax-massachusetts.html text/html; charset=utf-8 0
annual	107000-salary-after-tax-indiana.html	200 https://aftertaxtool.com/107000-salary-after-tax-indiana.html text/html; charset=utf-8 0
annual	34000-salary-after-tax-utah.html	200 https://aftertaxtool.com/34000-salary-after-tax-utah.html text/html; charset=utf-8 0
annual	144000-salary-after-tax-new-jersey.html	200 https://aftertaxtool.com/144000-salary-after-tax-new-jersey.html text/html; charset=utf-8 0
annual	169000-salary-after-tax-michigan.html	200 https://aftertaxtool.com/169000-salary-after-tax-michigan.html text/html; charset=utf-8 0
annual	147000-salary-after-tax-montana.html	200 https://aftertaxtool.com/147000-salary-after-tax-montana.html text/html; charset=utf-8 0
annual	72000-salary-after-tax-new-mexico.html	200 https://aftertaxtool.com/72000-salary-after-tax-new-mexico.html text/html; charset=utf-8 0
annual	186000-salary-after-tax-ohio.html	200 https://aftertaxtool.com/186000-salary-after-tax-ohio.html text/html; charset=utf-8 0
annual	138000-salary-after-tax-north-dakota.html	200 https://aftertaxtool.com/138000-salary-after-tax-north-dakota.html text/html; charset=utf-8 0
annual	80000-salary-after-tax-minnesota.html	200 https://aftertaxtool.com/80000-salary-after-tax-minnesota.html text/html; charset=utf-8 0
annual	149000-salary-after-tax-north-carolina.html	200 https://aftertaxtool.com/149000-salary-after-tax-north-carolina.html text/html; charset=utf-8 0
annual	181000-salary-after-tax-maine.html	200 https://aftertaxtool.com/181000-salary-after-tax-maine.html text/html; charset=utf-8 0
annual	145000-salary-after-tax-maryland.html	200 https://aftertaxtool.com/145000-salary-after-tax-maryland.html text/html; charset=utf-8 0
monthly	175000-after-tax-monthly-new-york.html	200 https://aftertaxtool.com/175000-after-tax-monthly-new-york.html text/html; charset=utf-8 0
monthly	146000-after-tax-monthly-utah.html	200 https://aftertaxtool.com/146000-after-tax-monthly-utah.html text/html; charset=utf-8 0
monthly	70000-after-tax-monthly-maryland.html	200 https://aftertaxtool.com/70000-after-tax-monthly-maryland.html text/html; charset=utf-8 0
monthly	194000-after-tax-monthly-wyoming.html	200 https://aftertaxtool.com/194000-after-tax-monthly-wyoming.html text/html; charset=utf-8 0
monthly	179000-after-tax-monthly-maine.html	200 https://aftertaxtool.com/179000-after-tax-monthly-maine.html text/html; charset=utf-8 0
monthly	35000-after-tax-monthly-washington.html	200 https://aftertaxtool.com/35000-after-tax-monthly-washington.html text/html; charset=utf-8 0
monthly	37000-after-tax-monthly-new-hampshire.html	200 https://aftertaxtool.com/37000-after-tax-monthly-new-hampshire.html text/html; charset=utf-8 0
monthly	183000-after-tax-monthly-hawaii.html	200 https://aftertaxtool.com/183000-after-tax-monthly-hawaii.html text/html; charset=utf-8 0
monthly	150000-after-tax-monthly-arizona.html	200 https://aftertaxtool.com/150000-after-tax-monthly-arizona.html text/html; charset=utf-8 0
monthly	156000-after-tax-monthly-texas.html	200 https://aftertaxtool.com/156000-after-tax-monthly-texas.html text/html; charset=utf-8 0
monthly	142000-after-tax-monthly-ohio.html	200 https://aftertaxtool.com/142000-after-tax-monthly-ohio.html text/html; charset=utf-8 0
monthly	103000-after-tax-monthly-rhode-island.html	200 https://aftertaxtool.com/103000-after-tax-monthly-rhode-island.html text/html; charset=utf-8 0
monthly	63000-after-tax-monthly-nevada.html	200 https://aftertaxtool.com/63000-after-tax-monthly-nevada.html text/html; charset=utf-8 0
monthly	161000-after-tax-monthly-kansas.html	200 https://aftertaxtool.com/161000-after-tax-monthly-kansas.html text/html; charset=utf-8 0
monthly	182000-after-tax-monthly-alabama.html	200 https://aftertaxtool.com/182000-after-tax-monthly-alabama.html text/html; charset=utf-8 0
weekly	161000-after-tax-weekly-virginia.html	200 https://aftertaxtool.com/161000-after-tax-weekly-virginia.html text/html; charset=utf-8 0
weekly	168000-after-tax-weekly-mississippi.html	200 https://aftertaxtool.com/168000-after-tax-weekly-mississippi.html text/html; charset=utf-8 0
weekly	172000-after-tax-weekly-north-dakota.html	200 https://aftertaxtool.com/172000-after-tax-weekly-north-dakota.html text/html; charset=utf-8 0
weekly	106000-after-tax-weekly-montana.html	200 https://aftertaxtool.com/106000-after-tax-weekly-montana.html text/html; charset=utf-8 0
weekly	143000-after-tax-weekly-massachusetts.html	200 https://aftertaxtool.com/143000-after-tax-weekly-massachusetts.html text/html; charset=utf-8 0
weekly	63000-after-tax-weekly-south-carolina.html	200 https://aftertaxtool.com/63000-after-tax-weekly-south-carolina.html text/html; charset=utf-8 0
weekly	62000-after-tax-weekly-north-dakota.html	200 https://aftertaxtool.com/62000-after-tax-weekly-north-dakota.html text/html; charset=utf-8 0
weekly	26000-after-tax-weekly-south-dakota.html	200 https://aftertaxtool.com/26000-after-tax-weekly-south-dakota.html text/html; charset=utf-8 0
weekly	67000-after-tax-weekly-mississippi.html	200 https://aftertaxtool.com/67000-after-tax-weekly-mississippi.html text/html; charset=utf-8 0
weekly	102000-after-tax-weekly-arkansas.html	200 https://aftertaxtool.com/102000-after-tax-weekly-arkansas.html text/html; charset=utf-8 0
weekly	138000-after-tax-weekly-idaho.html	200 https://aftertaxtool.com/138000-after-tax-weekly-idaho.html text/html; charset=utf-8 0
weekly	105000-after-tax-weekly-idaho.html	200 https://aftertaxtool.com/105000-after-tax-weekly-idaho.html text/html; charset=utf-8 0
weekly	75000-after-tax-weekly-rhode-island.html	200 https://aftertaxtool.com/75000-after-tax-weekly-rhode-island.html text/html; charset=utf-8 0
weekly	166000-after-tax-weekly-indiana.html	200 https://aftertaxtool.com/166000-after-tax-weekly-indiana.html text/html; charset=utf-8 0
weekly	120000-after-tax-weekly-iowa.html	200 https://aftertaxtool.com/120000-after-tax-weekly-iowa.html text/html; charset=utf-8 0
hourly	83000-take-home-pay-uk.html	200 https://aftertaxtool.com/83000-take-home-pay-uk.html text/html; charset=utf-8 0
hourly	73000-take-home-pay-uk.html	200 https://aftertaxtool.com/73000-take-home-pay-uk.html text/html; charset=utf-8 0
hourly	median-salary-uk.html	200 https://aftertaxtool.com/median-salary-uk.html text/html; charset=utf-8 0
hourly	86000-take-home-pay-uk.html	200 https://aftertaxtool.com/86000-take-home-pay-uk.html text/html; charset=utf-8 0
hourly	13-an-hour-salary-uk.html	200 https://aftertaxtool.com/13-an-hour-salary-uk.html text/html; charset=utf-8 0
hourly	35000-take-home-pay-uk.html	200 https://aftertaxtool.com/35000-take-home-pay-uk.html text/html; charset=utf-8 0
hourly	30-an-hour-salary-uk.html	200 https://aftertaxtool.com/30-an-hour-salary-uk.html text/html; charset=utf-8 0
hourly	91000-take-home-pay-uk.html	200 https://aftertaxtool.com/91000-take-home-pay-uk.html text/html; charset=utf-8 0
hourly	is-40000-a-good-salary-uk.html	200 https://aftertaxtool.com/is-40000-a-good-salary-uk.html text/html; charset=utf-8 0
hourly	95000-take-home-pay-uk.html	200 https://aftertaxtool.com/95000-take-home-pay-uk.html text/html; charset=utf-8 0
