URL,family,country/state,salary/pay intent,existing inbound link count,existing crawl depth,reason selected,historical GSC evidence,proposed new link sources,priority tier,inbound after current,inbound change current,depth after current,depth change current
https://aftertaxtool.com/25000-salary-after-tax-uk.html,UK annual salary,UK,annual salary after tax,19,2,"Common UK exact salary demand around £25,000.","No URL-level GSC export used for this implementation; selected from forensic architecture, common-query demand and weak-link evidence.",homepage; salary-after-tax-uk.html,Tier 1,20,1,2,0
https://aftertaxtool.com/30000-salary-after-tax-uk.html,UK annual salary,UK,annual salary after tax,45,2,"Common UK exact salary demand around £30,000.","No URL-level GSC export used for this implementation; selected from forensic architecture, common-query demand and weak-link evidence.",homepage; salary-after-tax-uk.html,Tier 1,47,2,1,-1
https://aftertaxtool.com/35000-salary-after-tax-uk.html,UK annual salary,UK,annual salary after tax,23,2,"Common UK exact salary demand around £35,000.","No URL-level GSC export used for this implementation; selected from forensic architecture, common-query demand and weak-link evidence.",homepage; salary-after-tax-uk.html,Tier 1,24,1,2,0
https://aftertaxtool.com/40000-salary-after-tax-uk.html,UK annual salary,UK,annual salary after tax,26,1,"Common UK exact salary demand around £40,000.","No URL-level GSC export used for this implementation; selected from forensic architecture, common-query demand and weak-link evidence.",homepage; salary-after-tax-uk.html,Tier 1,28,2,1,0
https://aftertaxtool.com/45000-salary-after-tax-uk.html,UK annual salary,UK,annual salary after tax,36,2,"Common UK exact salary demand around £45,000.","No URL-level GSC export used for this implementation; selected from forensic architecture, common-query demand and weak-link evidence.",homepage; salary-after-tax-uk.html,Tier 1,37,1,2,0
https://aftertaxtool.com/50000-salary-after-tax-uk.html,UK annual salary,UK,annual salary after tax,51,1,"Common UK exact salary demand around £50,000.","No URL-level GSC export used for this implementation; selected from forensic architecture, common-query demand and weak-link evidence.",homepage; salary-after-tax-uk.html,Tier 1,53,2,1,0
https://aftertaxtool.com/55000-salary-after-tax-uk.html,UK annual salary,UK,annual salary after tax,27,2,"Common UK exact salary demand around £55,000.","No URL-level GSC export used for this implementation; selected from forensic architecture, common-query demand and weak-link evidence.",homepage; salary-after-tax-uk.html,Tier 1,28,1,2,0
https://aftertaxtool.com/60000-salary-after-tax-uk.html,UK annual salary,UK,annual salary after tax,35,1,"Common UK exact salary demand around £60,000.","No URL-level GSC export used for this implementation; selected from forensic architecture, common-query demand and weak-link evidence.",homepage; salary-after-tax-uk.html,Tier 1,37,2,1,0
https://aftertaxtool.com/65000-salary-after-tax-uk.html,UK annual salary,UK,annual salary after tax,25,2,"Common UK exact salary demand around £65,000.","No URL-level GSC export used for this implementation; selected from forensic architecture, common-query demand and weak-link evidence.",homepage; salary-after-tax-uk.html,Tier 1,26,1,2,0
https://aftertaxtool.com/70000-salary-after-tax-uk.html,UK annual salary,UK,annual salary after tax,23,1,"Common UK exact salary demand around £70,000.","No URL-level GSC export used for this implementation; selected from forensic architecture, common-query demand and weak-link evidence.",homepage; salary-after-tax-uk.html,Tier 1,23,0,2,1
https://aftertaxtool.com/75000-salary-after-tax-uk.html,UK annual salary,UK,annual salary after tax,22,2,"Common UK exact salary demand around £75,000.","No URL-level GSC export used for this implementation; selected from forensic architecture, common-query demand and weak-link evidence.",homepage; salary-after-tax-uk.html,Tier 1,26,4,1,-1
https://aftertaxtool.com/80000-salary-after-tax-uk.html,UK annual salary,UK,annual salary after tax,23,1,"Common UK exact salary demand around £80,000.","No URL-level GSC export used for this implementation; selected from forensic architecture, common-query demand and weak-link evidence.",homepage; salary-after-tax-uk.html,Tier 1,23,0,2,1
https://aftertaxtool.com/90000-salary-after-tax-uk.html,UK annual salary,UK,annual salary after tax,35,1,"Common UK exact salary demand around £90,000.","No URL-level GSC export used for this implementation; selected from forensic architecture, common-query demand and weak-link evidence.",homepage; salary-after-tax-uk.html,Tier 1,35,0,2,1
https://aftertaxtool.com/100000-salary-after-tax-uk.html,UK annual salary,UK,annual salary after tax,38,1,"Common UK exact salary demand around £100,000.","No URL-level GSC export used for this implementation; selected from forensic architecture, common-query demand and weak-link evidence.",homepage; salary-after-tax-uk.html,Tier 1,42,4,1,0
https://aftertaxtool.com/120000-salary-after-tax-uk.html,UK annual salary,UK,annual salary after tax,24,1,"Common UK exact salary demand around £120,000.","No URL-level GSC export used for this implementation; selected from forensic architecture, common-query demand and weak-link evidence.",homepage; salary-after-tax-uk.html,Tier 1,27,3,2,1
https://aftertaxtool.com/125000-salary-after-tax-uk.html,UK annual salary,UK,annual salary after tax,24,3,"Common UK exact salary demand around £125,000.","No URL-level GSC export used for this implementation; selected from forensic architecture, common-query demand and weak-link evidence.",homepage; salary-after-tax-uk.html,Tier 1,27,3,1,-2
https://aftertaxtool.com/150000-salary-after-tax-uk.html,UK annual salary,UK,annual salary after tax,11,1,"Common UK exact salary demand around £150,000.","No URL-level GSC export used for this implementation; selected from forensic architecture, common-query demand and weak-link evidence.",homepage; salary-after-tax-uk.html,Tier 1,14,3,1,0
https://aftertaxtool.com/200000-salary-after-tax-uk.html,UK annual salary,UK,annual salary after tax,15,1,"Common UK exact salary demand around £200,000.","No URL-level GSC export used for this implementation; selected from forensic architecture, common-query demand and weak-link evidence.",homepage; salary-after-tax-uk.html,Tier 1,16,1,2,1
https://aftertaxtool.com/30000-salary-after-tax-us.html,US annual salary,US,annual salary after tax,13,2,"Common US exact salary demand around $30,000.","No URL-level GSC export used for this implementation; selected from forensic architecture, common-query demand and weak-link evidence.",homepage; salary-after-tax-us.html,Tier 1,14,1,3,1
https://aftertaxtool.com/40000-salary-after-tax-us.html,US annual salary,US,annual salary after tax,25,1,"Common US exact salary demand around $40,000.","No URL-level GSC export used for this implementation; selected from forensic architecture, common-query demand and weak-link evidence.",homepage; salary-after-tax-us.html,Tier 1,25,0,2,1
https://aftertaxtool.com/50000-salary-after-tax-us.html,US annual salary,US,annual salary after tax,35,1,"Common US exact salary demand around $50,000.","No URL-level GSC export used for this implementation; selected from forensic architecture, common-query demand and weak-link evidence.",homepage; salary-after-tax-us.html,Tier 1,37,2,1,0
https://aftertaxtool.com/60000-salary-after-tax-us.html,US annual salary,US,annual salary after tax,56,1,"Common US exact salary demand around $60,000.","No URL-level GSC export used for this implementation; selected from forensic architecture, common-query demand and weak-link evidence.",homepage; salary-after-tax-us.html,Tier 1,57,1,2,1
https://aftertaxtool.com/70000-salary-after-tax-us.html,US annual salary,US,annual salary after tax,57,1,"Common US exact salary demand around $70,000.","No URL-level GSC export used for this implementation; selected from forensic architecture, common-query demand and weak-link evidence.",homepage; salary-after-tax-us.html,Tier 1,57,0,2,1
https://aftertaxtool.com/75000-salary-after-tax-us.html,US annual salary,US,annual salary after tax,30,2,"Common US exact salary demand around $75,000.","No URL-level GSC export used for this implementation; selected from forensic architecture, common-query demand and weak-link evidence.",homepage; salary-after-tax-us.html,Tier 1,33,3,1,-1
https://aftertaxtool.com/80000-salary-after-tax-us.html,US annual salary,US,annual salary after tax,43,1,"Common US exact salary demand around $80,000.","No URL-level GSC export used for this implementation; selected from forensic architecture, common-query demand and weak-link evidence.",homepage; salary-after-tax-us.html,Tier 1,43,0,2,1
https://aftertaxtool.com/90000-salary-after-tax-us.html,US annual salary,US,annual salary after tax,48,1,"Common US exact salary demand around $90,000.","No URL-level GSC export used for this implementation; selected from forensic architecture, common-query demand and weak-link evidence.",homepage; salary-after-tax-us.html,Tier 1,48,0,2,1
https://aftertaxtool.com/100000-salary-after-tax-us.html,US annual salary,US,annual salary after tax,56,1,"Common US exact salary demand around $100,000.","No URL-level GSC export used for this implementation; selected from forensic architecture, common-query demand and weak-link evidence.",homepage; salary-after-tax-us.html,Tier 1,59,3,1,0
https://aftertaxtool.com/120000-salary-after-tax-us.html,US annual salary,US,annual salary after tax,24,1,"Common US exact salary demand around $120,000.","No URL-level GSC export used for this implementation; selected from forensic architecture, common-query demand and weak-link evidence.",homepage; salary-after-tax-us.html,Tier 1,24,0,2,1
https://aftertaxtool.com/125000-salary-after-tax-us.html,US annual salary,US,annual salary after tax,10,2,"Common US exact salary demand around $125,000.","No URL-level GSC export used for this implementation; selected from forensic architecture, common-query demand and weak-link evidence.",homepage; salary-after-tax-us.html,Tier 1,12,2,2,0
https://aftertaxtool.com/150000-salary-after-tax-us.html,US annual salary,US,annual salary after tax,30,1,"Common US exact salary demand around $150,000.","No URL-level GSC export used for this implementation; selected from forensic architecture, common-query demand and weak-link evidence.",homepage; salary-after-tax-us.html,Tier 1,32,2,1,0
https://aftertaxtool.com/175000-salary-after-tax-us.html,US annual salary,US,annual salary after tax,10,3,"Common US exact salary demand around $175,000.","No URL-level GSC export used for this implementation; selected from forensic architecture, common-query demand and weak-link evidence.",homepage; salary-after-tax-us.html,Tier 1,12,2,2,-1
https://aftertaxtool.com/200000-salary-after-tax-us.html,US annual salary,US,annual salary after tax,18,1,"Common US exact salary demand around $200,000.","No URL-level GSC export used for this implementation; selected from forensic architecture, common-query demand and weak-link evidence.",homepage; salary-after-tax-us.html,Tier 1,19,1,1,0
https://aftertaxtool.com/250000-salary-after-tax-us.html,US annual salary,US,annual salary after tax,17,2,"Common US exact salary demand around $250,000.","No URL-level GSC export used for this implementation; selected from forensic architecture, common-query demand and weak-link evidence.",homepage; salary-after-tax-us.html,Tier 1,18,1,2,0
https://aftertaxtool.com/40000-after-tax-monthly.html,UK monthly salary,UK,monthly pay after tax,15,1,"Distinct monthly take-home-pay modifier for £40,000.","No URL-level GSC export used for this implementation; selected from forensic architecture, common-query demand and weak-link evidence.",homepage; salary-after-tax-uk.html,Tier 2,15,0,2,1
https://aftertaxtool.com/40000-after-tax-weekly.html,UK weekly salary,UK,weekly pay after tax,13,1,"Distinct weekly take-home-pay modifier for £40,000.","No URL-level GSC export used for this implementation; selected from forensic architecture, common-query demand and weak-link evidence.",homepage; salary-after-tax-uk.html,Tier 2,13,0,2,1
https://aftertaxtool.com/40000-after-tax-monthly-us.html,US monthly salary,US,monthly pay after tax,12,2,"Distinct monthly take-home-pay modifier for $40,000.","No URL-level GSC export used for this implementation; selected from forensic architecture, common-query demand and weak-link evidence.",salary-after-tax-us.html,Tier 2,13,1,3,1
https://aftertaxtool.com/40000-after-tax-weekly-us.html,US weekly salary,US,weekly pay after tax,13,2,"Distinct weekly take-home-pay modifier for $40,000.","No URL-level GSC export used for this implementation; selected from forensic architecture, common-query demand and weak-link evidence.",salary-after-tax-us.html,Tier 2,14,1,2,0
https://aftertaxtool.com/50000-after-tax-monthly.html,UK monthly salary,UK,monthly pay after tax,21,1,"Distinct monthly take-home-pay modifier for £50,000.","No URL-level GSC export used for this implementation; selected from forensic architecture, common-query demand and weak-link evidence.",homepage; salary-after-tax-uk.html,Tier 2,23,2,1,0
https://aftertaxtool.com/50000-after-tax-weekly.html,UK weekly salary,UK,weekly pay after tax,17,1,"Distinct weekly take-home-pay modifier for £50,000.","No URL-level GSC export used for this implementation; selected from forensic architecture, common-query demand and weak-link evidence.",homepage; salary-after-tax-uk.html,Tier 2,19,2,1,0
https://aftertaxtool.com/50000-after-tax-monthly-us.html,US monthly salary,US,monthly pay after tax,22,2,"Distinct monthly take-home-pay modifier for $50,000.","No URL-level GSC export used for this implementation; selected from forensic architecture, common-query demand and weak-link evidence.",salary-after-tax-us.html,Tier 2,23,1,2,0
https://aftertaxtool.com/50000-after-tax-weekly-us.html,US weekly salary,US,weekly pay after tax,22,2,"Distinct weekly take-home-pay modifier for $50,000.","No URL-level GSC export used for this implementation; selected from forensic architecture, common-query demand and weak-link evidence.",salary-after-tax-us.html,Tier 2,23,1,2,0
https://aftertaxtool.com/60000-after-tax-monthly.html,UK monthly salary,UK,monthly pay after tax,18,1,"Distinct monthly take-home-pay modifier for £60,000.","No URL-level GSC export used for this implementation; selected from forensic architecture, common-query demand and weak-link evidence.",homepage; salary-after-tax-uk.html,Tier 2,18,0,2,1
https://aftertaxtool.com/60000-after-tax-weekly.html,UK weekly salary,UK,weekly pay after tax,13,1,"Distinct weekly take-home-pay modifier for £60,000.","No URL-level GSC export used for this implementation; selected from forensic architecture, common-query demand and weak-link evidence.",homepage; salary-after-tax-uk.html,Tier 2,13,0,2,1
https://aftertaxtool.com/60000-after-tax-monthly-us.html,US monthly salary,US,monthly pay after tax,19,2,"Distinct monthly take-home-pay modifier for $60,000.","No URL-level GSC export used for this implementation; selected from forensic architecture, common-query demand and weak-link evidence.",salary-after-tax-us.html,Tier 2,21,2,2,0
https://aftertaxtool.com/60000-after-tax-weekly-us.html,US weekly salary,US,weekly pay after tax,19,2,"Distinct weekly take-home-pay modifier for $60,000.","No URL-level GSC export used for this implementation; selected from forensic architecture, common-query demand and weak-link evidence.",salary-after-tax-us.html,Tier 2,20,1,2,0
https://aftertaxtool.com/70000-after-tax-monthly.html,UK monthly salary,UK,monthly pay after tax,17,1,"Distinct monthly take-home-pay modifier for £70,000.","No URL-level GSC export used for this implementation; selected from forensic architecture, common-query demand and weak-link evidence.",homepage; salary-after-tax-uk.html,Tier 2,18,1,1,0
https://aftertaxtool.com/70000-after-tax-weekly.html,UK weekly salary,UK,weekly pay after tax,14,1,"Distinct weekly take-home-pay modifier for £70,000.","No URL-level GSC export used for this implementation; selected from forensic architecture, common-query demand and weak-link evidence.",homepage; salary-after-tax-uk.html,Tier 2,14,0,2,1
https://aftertaxtool.com/70000-after-tax-monthly-us.html,US monthly salary,US,monthly pay after tax,13,2,"Distinct monthly take-home-pay modifier for $70,000.","No URL-level GSC export used for this implementation; selected from forensic architecture, common-query demand and weak-link evidence.",salary-after-tax-us.html,Tier 2,14,1,2,0
https://aftertaxtool.com/70000-after-tax-weekly-us.html,US weekly salary,US,weekly pay after tax,12,2,"Distinct weekly take-home-pay modifier for $70,000.","No URL-level GSC export used for this implementation; selected from forensic architecture, common-query demand and weak-link evidence.",salary-after-tax-us.html,Tier 2,13,1,3,1
https://aftertaxtool.com/80000-after-tax-monthly.html,UK monthly salary,UK,monthly pay after tax,13,1,"Distinct monthly take-home-pay modifier for £80,000.","No URL-level GSC export used for this implementation; selected from forensic architecture, common-query demand and weak-link evidence.",homepage; salary-after-tax-uk.html,Tier 2,13,0,2,1
https://aftertaxtool.com/80000-after-tax-weekly.html,UK weekly salary,UK,weekly pay after tax,14,1,"Distinct weekly take-home-pay modifier for £80,000.","No URL-level GSC export used for this implementation; selected from forensic architecture, common-query demand and weak-link evidence.",homepage; salary-after-tax-uk.html,Tier 2,14,0,2,1
https://aftertaxtool.com/80000-after-tax-monthly-us.html,US monthly salary,US,monthly pay after tax,17,2,"Distinct monthly take-home-pay modifier for $80,000.","No URL-level GSC export used for this implementation; selected from forensic architecture, common-query demand and weak-link evidence.",salary-after-tax-us.html,Tier 2,18,1,2,0
https://aftertaxtool.com/80000-after-tax-weekly-us.html,US weekly salary,US,weekly pay after tax,16,2,"Distinct weekly take-home-pay modifier for $80,000.","No URL-level GSC export used for this implementation; selected from forensic architecture, common-query demand and weak-link evidence.",salary-after-tax-us.html,Tier 2,17,1,2,0
https://aftertaxtool.com/90000-after-tax-monthly.html,UK monthly salary,UK,monthly pay after tax,12,1,"Distinct monthly take-home-pay modifier for £90,000.","No URL-level GSC export used for this implementation; selected from forensic architecture, common-query demand and weak-link evidence.",homepage; salary-after-tax-uk.html,Tier 2,12,0,2,1
https://aftertaxtool.com/90000-after-tax-weekly.html,UK weekly salary,UK,weekly pay after tax,13,1,"Distinct weekly take-home-pay modifier for £90,000.","No URL-level GSC export used for this implementation; selected from forensic architecture, common-query demand and weak-link evidence.",homepage; salary-after-tax-uk.html,Tier 2,14,1,1,0
https://aftertaxtool.com/90000-after-tax-monthly-us.html,US monthly salary,US,monthly pay after tax,15,2,"Distinct monthly take-home-pay modifier for $90,000.","No URL-level GSC export used for this implementation; selected from forensic architecture, common-query demand and weak-link evidence.",salary-after-tax-us.html,Tier 2,16,1,2,0
https://aftertaxtool.com/90000-after-tax-weekly-us.html,US weekly salary,US,weekly pay after tax,15,2,"Distinct weekly take-home-pay modifier for $90,000.","No URL-level GSC export used for this implementation; selected from forensic architecture, common-query demand and weak-link evidence.",salary-after-tax-us.html,Tier 2,16,1,2,0
https://aftertaxtool.com/100000-after-tax-monthly.html,UK monthly salary,UK,monthly pay after tax,14,1,"Distinct monthly take-home-pay modifier for £100,000.","No URL-level GSC export used for this implementation; selected from forensic architecture, common-query demand and weak-link evidence.",homepage; salary-after-tax-uk.html,Tier 2,16,2,1,0
https://aftertaxtool.com/100000-after-tax-weekly.html,UK weekly salary,UK,weekly pay after tax,13,1,"Distinct weekly take-home-pay modifier for £100,000.","No URL-level GSC export used for this implementation; selected from forensic architecture, common-query demand and weak-link evidence.",homepage; salary-after-tax-uk.html,Tier 2,14,1,1,0
https://aftertaxtool.com/100000-after-tax-monthly-us.html,US monthly salary,US,monthly pay after tax,23,2,"Distinct monthly take-home-pay modifier for $100,000.","No URL-level GSC export used for this implementation; selected from forensic architecture, common-query demand and weak-link evidence.",salary-after-tax-us.html,Tier 2,25,2,2,0
https://aftertaxtool.com/100000-after-tax-weekly-us.html,US weekly salary,US,weekly pay after tax,24,2,"Distinct weekly take-home-pay modifier for $100,000.","No URL-level GSC export used for this implementation; selected from forensic architecture, common-query demand and weak-link evidence.",salary-after-tax-us.html,Tier 2,24,0,2,0
https://aftertaxtool.com/120000-after-tax-monthly.html,UK monthly salary,UK,monthly pay after tax,13,1,"Distinct monthly take-home-pay modifier for £120,000.","No URL-level GSC export used for this implementation; selected from forensic architecture, common-query demand and weak-link evidence.",homepage; salary-after-tax-uk.html,Tier 2,13,0,3,2
https://aftertaxtool.com/120000-after-tax-weekly.html,UK weekly salary,UK,weekly pay after tax,10,1,"Distinct weekly take-home-pay modifier for £120,000.","No URL-level GSC export used for this implementation; selected from forensic architecture, common-query demand and weak-link evidence.",homepage; salary-after-tax-uk.html,Tier 2,10,0,3,2
https://aftertaxtool.com/120000-after-tax-monthly-us.html,US monthly salary,US,monthly pay after tax,9,2,"Distinct monthly take-home-pay modifier for $120,000.","No URL-level GSC export used for this implementation; selected from forensic architecture, common-query demand and weak-link evidence.",salary-after-tax-us.html,Tier 2,10,1,2,0
https://aftertaxtool.com/120000-after-tax-weekly-us.html,US weekly salary,US,weekly pay after tax,10,2,"Distinct weekly take-home-pay modifier for $120,000.","No URL-level GSC export used for this implementation; selected from forensic architecture, common-query demand and weak-link evidence.",salary-after-tax-us.html,Tier 2,11,1,2,0
https://aftertaxtool.com/150000-after-tax-monthly.html,UK monthly salary,UK,monthly pay after tax,6,1,"Distinct monthly take-home-pay modifier for £150,000.","No URL-level GSC export used for this implementation; selected from forensic architecture, common-query demand and weak-link evidence.",homepage; salary-after-tax-uk.html,Tier 2,7,1,2,1
https://aftertaxtool.com/150000-after-tax-weekly.html,UK weekly salary,UK,weekly pay after tax,10,1,"Distinct weekly take-home-pay modifier for £150,000.","No URL-level GSC export used for this implementation; selected from forensic architecture, common-query demand and weak-link evidence.",homepage; salary-after-tax-uk.html,Tier 2,10,0,2,1
https://aftertaxtool.com/150000-after-tax-monthly-us.html,US monthly salary,US,monthly pay after tax,9,2,"Distinct monthly take-home-pay modifier for $150,000.","No URL-level GSC export used for this implementation; selected from forensic architecture, common-query demand and weak-link evidence.",salary-after-tax-us.html,Tier 2,11,2,2,0
https://aftertaxtool.com/150000-after-tax-weekly-us.html,US weekly salary,US,weekly pay after tax,9,2,"Distinct weekly take-home-pay modifier for $150,000.","No URL-level GSC export used for this implementation; selected from forensic architecture, common-query demand and weak-link evidence.",salary-after-tax-us.html,Tier 2,10,1,2,0
https://aftertaxtool.com/200000-after-tax-monthly.html,UK monthly salary,UK,monthly pay after tax,11,1,"Distinct monthly take-home-pay modifier for £200,000.","No URL-level GSC export used for this implementation; selected from forensic architecture, common-query demand and weak-link evidence.",homepage; salary-after-tax-uk.html,Tier 2,12,1,2,1
https://aftertaxtool.com/200000-after-tax-weekly.html,UK weekly salary,UK,weekly pay after tax,9,1,"Distinct weekly take-home-pay modifier for £200,000.","No URL-level GSC export used for this implementation; selected from forensic architecture, common-query demand and weak-link evidence.",homepage; salary-after-tax-uk.html,Tier 2,9,0,3,2
https://aftertaxtool.com/200000-after-tax-monthly-us.html,US monthly salary,US,monthly pay after tax,7,2,"Distinct monthly take-home-pay modifier for $200,000.","No URL-level GSC export used for this implementation; selected from forensic architecture, common-query demand and weak-link evidence.",salary-after-tax-us.html,Tier 2,9,2,2,0
https://aftertaxtool.com/200000-after-tax-weekly-us.html,US weekly salary,US,weekly pay after tax,8,2,"Distinct weekly take-home-pay modifier for $200,000.","No URL-level GSC export used for this implementation; selected from forensic architecture, common-query demand and weak-link evidence.",salary-after-tax-us.html,Tier 2,9,1,2,0
https://aftertaxtool.com/60000-salary-after-tax-california.html,state annual salary,California,state annual salary after tax,22,2,Representative California salary query with state-level tax/cost context.,"No URL-level GSC export used for this implementation; selected from forensic architecture, common-query demand and weak-link evidence.",salary-after-tax-us.html; salary-after-tax-california.html,Tier 3,23,1,2,0
https://aftertaxtool.com/75000-salary-after-tax-california.html,state annual salary,California,state annual salary after tax,29,2,Representative California salary query with state-level tax/cost context.,"No URL-level GSC export used for this implementation; selected from forensic architecture, common-query demand and weak-link evidence.",salary-after-tax-us.html; salary-after-tax-california.html,Tier 3,30,1,2,0
https://aftertaxtool.com/80000-salary-after-tax-california.html,state annual salary,California,state annual salary after tax,32,2,Representative California salary query with state-level tax/cost context.,"No URL-level GSC export used for this implementation; selected from forensic architecture, common-query demand and weak-link evidence.",salary-after-tax-us.html; salary-after-tax-california.html,Tier 3,33,1,2,0
https://aftertaxtool.com/100000-salary-after-tax-california.html,state annual salary,California,state annual salary after tax,33,2,Representative California salary query with state-level tax/cost context.,"No URL-level GSC export used for this implementation; selected from forensic architecture, common-query demand and weak-link evidence.",salary-after-tax-us.html; salary-after-tax-california.html,Tier 2,36,3,1,-1
https://aftertaxtool.com/100000-after-tax-monthly-california.html,state monthly salary,California,state monthly salary after tax,24,2,Monthly California pay-period route for a priority state salary.,"No URL-level GSC export used for this implementation; selected from forensic architecture, common-query demand and weak-link evidence.",salary-after-tax-california.html,Tier 3,25,1,2,0
https://aftertaxtool.com/100000-after-tax-weekly-california.html,state weekly salary,California,state weekly salary after tax,22,3,Weekly California pay-period route for a priority state salary.,"No URL-level GSC export used for this implementation; selected from forensic architecture, common-query demand and weak-link evidence.",salary-after-tax-california.html,Tier 3,23,1,2,-1
https://aftertaxtool.com/120000-salary-after-tax-california.html,state annual salary,California,state annual salary after tax,16,2,Representative California salary query with state-level tax/cost context.,"No URL-level GSC export used for this implementation; selected from forensic architecture, common-query demand and weak-link evidence.",salary-after-tax-us.html; salary-after-tax-california.html,Tier 2,17,1,2,0
https://aftertaxtool.com/150000-salary-after-tax-california.html,state annual salary,California,state annual salary after tax,20,2,Representative California salary query with state-level tax/cost context.,"No URL-level GSC export used for this implementation; selected from forensic architecture, common-query demand and weak-link evidence.",salary-after-tax-us.html; salary-after-tax-california.html,Tier 2,21,1,2,0
https://aftertaxtool.com/175000-salary-after-tax-california.html,state annual salary,California,state annual salary after tax,11,2,Representative California salary query with state-level tax/cost context.,"No URL-level GSC export used for this implementation; selected from forensic architecture, common-query demand and weak-link evidence.",salary-after-tax-us.html; salary-after-tax-california.html,Tier 2,12,1,2,0
https://aftertaxtool.com/200000-salary-after-tax-california.html,state annual salary,California,state annual salary after tax,9,2,Representative California salary query with state-level tax/cost context.,"No URL-level GSC export used for this implementation; selected from forensic architecture, common-query demand and weak-link evidence.",salary-after-tax-us.html; salary-after-tax-california.html,Tier 2,12,3,2,0
https://aftertaxtool.com/200000-after-tax-monthly-california.html,state monthly salary,California,state monthly salary after tax,8,3,Monthly California pay-period route for a priority state salary.,"No URL-level GSC export used for this implementation; selected from forensic architecture, common-query demand and weak-link evidence.",salary-after-tax-california.html,Tier 3,9,1,3,0
https://aftertaxtool.com/200000-after-tax-weekly-california.html,state weekly salary,California,state weekly salary after tax,8,3,Weekly California pay-period route for a priority state salary.,"No URL-level GSC export used for this implementation; selected from forensic architecture, common-query demand and weak-link evidence.",salary-after-tax-california.html,Tier 3,9,1,3,0
https://aftertaxtool.com/60000-salary-after-tax-new-york.html,state annual salary,New York,state annual salary after tax,21,2,Representative New York salary query with state-level tax/cost context.,"No URL-level GSC export used for this implementation; selected from forensic architecture, common-query demand and weak-link evidence.",salary-after-tax-us.html; salary-after-tax-new-york.html,Tier 3,22,1,2,0
https://aftertaxtool.com/75000-salary-after-tax-new-york.html,state annual salary,New York,state annual salary after tax,29,2,Representative New York salary query with state-level tax/cost context.,"No URL-level GSC export used for this implementation; selected from forensic architecture, common-query demand and weak-link evidence.",salary-after-tax-us.html; salary-after-tax-new-york.html,Tier 3,30,1,2,0
https://aftertaxtool.com/80000-salary-after-tax-new-york.html,state annual salary,New York,state annual salary after tax,28,2,Representative New York salary query with state-level tax/cost context.,"No URL-level GSC export used for this implementation; selected from forensic architecture, common-query demand and weak-link evidence.",salary-after-tax-us.html; salary-after-tax-new-york.html,Tier 3,29,1,2,0
https://aftertaxtool.com/100000-salary-after-tax-new-york.html,state annual salary,New York,state annual salary after tax,30,2,Representative New York salary query with state-level tax/cost context.,"No URL-level GSC export used for this implementation; selected from forensic architecture, common-query demand and weak-link evidence.",salary-after-tax-us.html; salary-after-tax-new-york.html,Tier 2,32,2,1,-1
https://aftertaxtool.com/100000-after-tax-monthly-new-york.html,state monthly salary,New York,state monthly salary after tax,24,3,Monthly New York pay-period route for a priority state salary.,"No URL-level GSC export used for this implementation; selected from forensic architecture, common-query demand and weak-link evidence.",salary-after-tax-new-york.html,Tier 3,25,1,2,-1
https://aftertaxtool.com/100000-after-tax-weekly-new-york.html,state weekly salary,New York,state weekly salary after tax,22,3,Weekly New York pay-period route for a priority state salary.,"No URL-level GSC export used for this implementation; selected from forensic architecture, common-query demand and weak-link evidence.",salary-after-tax-new-york.html,Tier 3,23,1,2,-1
https://aftertaxtool.com/120000-salary-after-tax-new-york.html,state annual salary,New York,state annual salary after tax,17,2,Representative New York salary query with state-level tax/cost context.,"No URL-level GSC export used for this implementation; selected from forensic architecture, common-query demand and weak-link evidence.",salary-after-tax-us.html; salary-after-tax-new-york.html,Tier 2,18,1,2,0
https://aftertaxtool.com/150000-salary-after-tax-new-york.html,state annual salary,New York,state annual salary after tax,15,2,Representative New York salary query with state-level tax/cost context.,"No URL-level GSC export used for this implementation; selected from forensic architecture, common-query demand and weak-link evidence.",salary-after-tax-us.html; salary-after-tax-new-york.html,Tier 2,17,2,2,0
https://aftertaxtool.com/175000-salary-after-tax-new-york.html,state annual salary,New York,state annual salary after tax,11,2,Representative New York salary query with state-level tax/cost context.,"No URL-level GSC export used for this implementation; selected from forensic architecture, common-query demand and weak-link evidence.",salary-after-tax-us.html; salary-after-tax-new-york.html,Tier 2,12,1,2,0
https://aftertaxtool.com/200000-salary-after-tax-new-york.html,state annual salary,New York,state annual salary after tax,9,2,Representative New York salary query with state-level tax/cost context.,"No URL-level GSC export used for this implementation; selected from forensic architecture, common-query demand and weak-link evidence.",salary-after-tax-us.html; salary-after-tax-new-york.html,Tier 2,12,3,2,0
https://aftertaxtool.com/200000-after-tax-monthly-new-york.html,state monthly salary,New York,state monthly salary after tax,8,3,Monthly New York pay-period route for a priority state salary.,"No URL-level GSC export used for this implementation; selected from forensic architecture, common-query demand and weak-link evidence.",salary-after-tax-new-york.html,Tier 3,9,1,3,0
https://aftertaxtool.com/200000-after-tax-weekly-new-york.html,state weekly salary,New York,state weekly salary after tax,8,3,Weekly New York pay-period route for a priority state salary.,"No URL-level GSC export used for this implementation; selected from forensic architecture, common-query demand and weak-link evidence.",salary-after-tax-new-york.html,Tier 3,9,1,3,0
https://aftertaxtool.com/60000-salary-after-tax-texas.html,state annual salary,Texas,state annual salary after tax,23,2,Representative Texas salary query with state-level tax/cost context.,"No URL-level GSC export used for this implementation; selected from forensic architecture, common-query demand and weak-link evidence.",salary-after-tax-us.html; salary-after-tax-texas.html,Tier 3,24,1,2,0
https://aftertaxtool.com/75000-salary-after-tax-texas.html,state annual salary,Texas,state annual salary after tax,29,2,Representative Texas salary query with state-level tax/cost context.,"No URL-level GSC export used for this implementation; selected from forensic architecture, common-query demand and weak-link evidence.",salary-after-tax-us.html; salary-after-tax-texas.html,Tier 3,30,1,2,0
https://aftertaxtool.com/80000-salary-after-tax-texas.html,state annual salary,Texas,state annual salary after tax,28,2,Representative Texas salary query with state-level tax/cost context.,"No URL-level GSC export used for this implementation; selected from forensic architecture, common-query demand and weak-link evidence.",salary-after-tax-us.html; salary-after-tax-texas.html,Tier 3,29,1,2,0
https://aftertaxtool.com/100000-salary-after-tax-texas.html,state annual salary,Texas,state annual salary after tax,31,2,Representative Texas salary query with state-level tax/cost context.,"No URL-level GSC export used for this implementation; selected from forensic architecture, common-query demand and weak-link evidence.",salary-after-tax-us.html; salary-after-tax-texas.html,Tier 2,34,3,1,-1
https://aftertaxtool.com/100000-after-tax-monthly-texas.html,state monthly salary,Texas,state monthly salary after tax,26,2,Monthly Texas pay-period route for a priority state salary.,"No URL-level GSC export used for this implementation; selected from forensic architecture, common-query demand and weak-link evidence.",salary-after-tax-texas.html,Tier 3,27,1,2,0
https://aftertaxtool.com/100000-after-tax-weekly-texas.html,state weekly salary,Texas,state weekly salary after tax,22,3,Weekly Texas pay-period route for a priority state salary.,"No URL-level GSC export used for this implementation; selected from forensic architecture, common-query demand and weak-link evidence.",salary-after-tax-texas.html,Tier 3,23,1,2,-1
https://aftertaxtool.com/120000-salary-after-tax-texas.html,state annual salary,Texas,state annual salary after tax,16,2,Representative Texas salary query with state-level tax/cost context.,"No URL-level GSC export used for this implementation; selected from forensic architecture, common-query demand and weak-link evidence.",salary-after-tax-us.html; salary-after-tax-texas.html,Tier 2,17,1,2,0
https://aftertaxtool.com/150000-salary-after-tax-texas.html,state annual salary,Texas,state annual salary after tax,20,2,Representative Texas salary query with state-level tax/cost context.,"No URL-level GSC export used for this implementation; selected from forensic architecture, common-query demand and weak-link evidence.",salary-after-tax-us.html; salary-after-tax-texas.html,Tier 2,21,1,2,0
https://aftertaxtool.com/175000-salary-after-tax-texas.html,state annual salary,Texas,state annual salary after tax,11,2,Representative Texas salary query with state-level tax/cost context.,"No URL-level GSC export used for this implementation; selected from forensic architecture, common-query demand and weak-link evidence.",salary-after-tax-us.html; salary-after-tax-texas.html,Tier 2,12,1,2,0
https://aftertaxtool.com/200000-salary-after-tax-texas.html,state annual salary,Texas,state annual salary after tax,9,2,Representative Texas salary query with state-level tax/cost context.,"No URL-level GSC export used for this implementation; selected from forensic architecture, common-query demand and weak-link evidence.",salary-after-tax-us.html; salary-after-tax-texas.html,Tier 2,12,3,2,0
https://aftertaxtool.com/200000-after-tax-monthly-texas.html,state monthly salary,Texas,state monthly salary after tax,8,3,Monthly Texas pay-period route for a priority state salary.,"No URL-level GSC export used for this implementation; selected from forensic architecture, common-query demand and weak-link evidence.",salary-after-tax-texas.html,Tier 3,9,1,3,0
https://aftertaxtool.com/200000-after-tax-weekly-texas.html,state weekly salary,Texas,state weekly salary after tax,8,3,Weekly Texas pay-period route for a priority state salary.,"No URL-level GSC export used for this implementation; selected from forensic architecture, common-query demand and weak-link evidence.",salary-after-tax-texas.html,Tier 3,9,1,3,0
https://aftertaxtool.com/60000-salary-after-tax-florida.html,state annual salary,Florida,state annual salary after tax,20,2,Representative Florida salary query with state-level tax/cost context.,"No URL-level GSC export used for this implementation; selected from forensic architecture, common-query demand and weak-link evidence.",salary-after-tax-us.html; salary-after-tax-florida.html,Tier 3,21,1,2,0
https://aftertaxtool.com/75000-salary-after-tax-florida.html,state annual salary,Florida,state annual salary after tax,30,2,Representative Florida salary query with state-level tax/cost context.,"No URL-level GSC export used for this implementation; selected from forensic architecture, common-query demand and weak-link evidence.",salary-after-tax-us.html; salary-after-tax-florida.html,Tier 3,31,1,2,0
https://aftertaxtool.com/80000-salary-after-tax-florida.html,state annual salary,Florida,state annual salary after tax,28,2,Representative Florida salary query with state-level tax/cost context.,"No URL-level GSC export used for this implementation; selected from forensic architecture, common-query demand and weak-link evidence.",salary-after-tax-us.html; salary-after-tax-florida.html,Tier 3,29,1,2,0
https://aftertaxtool.com/100000-salary-after-tax-florida.html,state annual salary,Florida,state annual salary after tax,32,2,Representative Florida salary query with state-level tax/cost context.,"No URL-level GSC export used for this implementation; selected from forensic architecture, common-query demand and weak-link evidence.",salary-after-tax-us.html; salary-after-tax-florida.html,Tier 2,34,2,1,-1
https://aftertaxtool.com/100000-after-tax-monthly-florida.html,state monthly salary,Florida,state monthly salary after tax,24,3,Monthly Florida pay-period route for a priority state salary.,"No URL-level GSC export used for this implementation; selected from forensic architecture, common-query demand and weak-link evidence.",salary-after-tax-florida.html,Tier 3,25,1,2,-1
https://aftertaxtool.com/100000-after-tax-weekly-florida.html,state weekly salary,Florida,state weekly salary after tax,24,3,Weekly Florida pay-period route for a priority state salary.,"No URL-level GSC export used for this implementation; selected from forensic architecture, common-query demand and weak-link evidence.",salary-after-tax-florida.html,Tier 3,25,1,2,-1
https://aftertaxtool.com/120000-salary-after-tax-florida.html,state annual salary,Florida,state annual salary after tax,16,2,Representative Florida salary query with state-level tax/cost context.,"No URL-level GSC export used for this implementation; selected from forensic architecture, common-query demand and weak-link evidence.",salary-after-tax-us.html; salary-after-tax-florida.html,Tier 2,17,1,2,0
https://aftertaxtool.com/150000-salary-after-tax-florida.html,state annual salary,Florida,state annual salary after tax,15,2,Representative Florida salary query with state-level tax/cost context.,"No URL-level GSC export used for this implementation; selected from forensic architecture, common-query demand and weak-link evidence.",salary-after-tax-us.html; salary-after-tax-florida.html,Tier 2,17,2,2,0
https://aftertaxtool.com/175000-salary-after-tax-florida.html,state annual salary,Florida,state annual salary after tax,11,2,Representative Florida salary query with state-level tax/cost context.,"No URL-level GSC export used for this implementation; selected from forensic architecture, common-query demand and weak-link evidence.",salary-after-tax-us.html; salary-after-tax-florida.html,Tier 2,12,1,2,0
https://aftertaxtool.com/200000-salary-after-tax-florida.html,state annual salary,Florida,state annual salary after tax,9,2,Representative Florida salary query with state-level tax/cost context.,"No URL-level GSC export used for this implementation; selected from forensic architecture, common-query demand and weak-link evidence.",salary-after-tax-us.html; salary-after-tax-florida.html,Tier 2,12,3,2,0
https://aftertaxtool.com/200000-after-tax-monthly-florida.html,state monthly salary,Florida,state monthly salary after tax,8,3,Monthly Florida pay-period route for a priority state salary.,"No URL-level GSC export used for this implementation; selected from forensic architecture, common-query demand and weak-link evidence.",salary-after-tax-florida.html,Tier 3,9,1,3,0
https://aftertaxtool.com/200000-after-tax-weekly-florida.html,state weekly salary,Florida,state weekly salary after tax,8,3,Weekly Florida pay-period route for a priority state salary.,"No URL-level GSC export used for this implementation; selected from forensic architecture, common-query demand and weak-link evidence.",salary-after-tax-florida.html,Tier 3,9,1,3,0
https://aftertaxtool.com/60000-salary-after-tax-illinois.html,state annual salary,Illinois,state annual salary after tax,21,2,Representative Illinois salary query with state-level tax/cost context.,"No URL-level GSC export used for this implementation; selected from forensic architecture, common-query demand and weak-link evidence.",salary-after-tax-us.html; salary-after-tax-illinois.html,Tier 3,22,1,2,0
https://aftertaxtool.com/75000-salary-after-tax-illinois.html,state annual salary,Illinois,state annual salary after tax,31,2,Representative Illinois salary query with state-level tax/cost context.,"No URL-level GSC export used for this implementation; selected from forensic architecture, common-query demand and weak-link evidence.",salary-after-tax-us.html; salary-after-tax-illinois.html,Tier 3,32,1,2,0
https://aftertaxtool.com/80000-salary-after-tax-illinois.html,state annual salary,Illinois,state annual salary after tax,27,2,Representative Illinois salary query with state-level tax/cost context.,"No URL-level GSC export used for this implementation; selected from forensic architecture, common-query demand and weak-link evidence.",salary-after-tax-us.html; salary-after-tax-illinois.html,Tier 3,28,1,2,0
https://aftertaxtool.com/100000-salary-after-tax-illinois.html,state annual salary,Illinois,state annual salary after tax,32,2,Representative Illinois salary query with state-level tax/cost context.,"No URL-level GSC export used for this implementation; selected from forensic architecture, common-query demand and weak-link evidence.",salary-after-tax-us.html; salary-after-tax-illinois.html,Tier 2,33,1,2,0
https://aftertaxtool.com/100000-after-tax-monthly-illinois.html,state monthly salary,Illinois,state monthly salary after tax,24,2,Monthly Illinois pay-period route for a priority state salary.,"No URL-level GSC export used for this implementation; selected from forensic architecture, common-query demand and weak-link evidence.",salary-after-tax-illinois.html,Tier 3,25,1,2,0
https://aftertaxtool.com/100000-after-tax-weekly-illinois.html,state weekly salary,Illinois,state weekly salary after tax,25,2,Weekly Illinois pay-period route for a priority state salary.,"No URL-level GSC export used for this implementation; selected from forensic architecture, common-query demand and weak-link evidence.",salary-after-tax-illinois.html,Tier 3,25,0,2,0
https://aftertaxtool.com/120000-salary-after-tax-illinois.html,state annual salary,Illinois,state annual salary after tax,16,2,Representative Illinois salary query with state-level tax/cost context.,"No URL-level GSC export used for this implementation; selected from forensic architecture, common-query demand and weak-link evidence.",salary-after-tax-us.html; salary-after-tax-illinois.html,Tier 2,17,1,2,0
https://aftertaxtool.com/150000-salary-after-tax-illinois.html,state annual salary,Illinois,state annual salary after tax,15,2,Representative Illinois salary query with state-level tax/cost context.,"No URL-level GSC export used for this implementation; selected from forensic architecture, common-query demand and weak-link evidence.",salary-after-tax-us.html; salary-after-tax-illinois.html,Tier 2,17,2,2,0
https://aftertaxtool.com/175000-salary-after-tax-illinois.html,state annual salary,Illinois,state annual salary after tax,11,2,Representative Illinois salary query with state-level tax/cost context.,"No URL-level GSC export used for this implementation; selected from forensic architecture, common-query demand and weak-link evidence.",salary-after-tax-us.html; salary-after-tax-illinois.html,Tier 2,12,1,2,0
https://aftertaxtool.com/200000-salary-after-tax-illinois.html,state annual salary,Illinois,state annual salary after tax,9,2,Representative Illinois salary query with state-level tax/cost context.,"No URL-level GSC export used for this implementation; selected from forensic architecture, common-query demand and weak-link evidence.",salary-after-tax-us.html; salary-after-tax-illinois.html,Tier 2,12,3,2,0
https://aftertaxtool.com/200000-after-tax-monthly-illinois.html,state monthly salary,Illinois,state monthly salary after tax,8,3,Monthly Illinois pay-period route for a priority state salary.,"No URL-level GSC export used for this implementation; selected from forensic architecture, common-query demand and weak-link evidence.",salary-after-tax-illinois.html,Tier 3,10,2,2,-1
https://aftertaxtool.com/200000-after-tax-weekly-illinois.html,state weekly salary,Illinois,state weekly salary after tax,8,3,Weekly Illinois pay-period route for a priority state salary.,"No URL-level GSC export used for this implementation; selected from forensic architecture, common-query demand and weak-link evidence.",salary-after-tax-illinois.html,Tier 3,10,2,2,-1
https://aftertaxtool.com/salary-tax-calculator-uk.html,calculator/support,UK/US,calculator or authority,523,1,High-value calculator or authority page connected to salary/take-home/payroll intent.,"No URL-level GSC export used for this implementation; selected from forensic architecture, common-query demand and weak-link evidence.",homepage; salary-after-tax-uk.html; salary-after-tax-us.html; authority pages,Tier 2,523,0,1,0
https://aftertaxtool.com/take-home-pay-uk.html,other,UK/US,calculator or authority,300,1,High-value calculator or authority page connected to salary/take-home/payroll intent.,"No URL-level GSC export used for this implementation; selected from forensic architecture, common-query demand and weak-link evidence.",homepage; salary-after-tax-uk.html; salary-after-tax-us.html; authority pages,Tier 2,301,1,1,0
https://aftertaxtool.com/monthly-pay-after-tax-calculator.html,calculator/support,UK/US,calculator or authority,636,1,High-value calculator or authority page connected to salary/take-home/payroll intent.,"No URL-level GSC export used for this implementation; selected from forensic architecture, common-query demand and weak-link evidence.",homepage; salary-after-tax-uk.html; salary-after-tax-us.html; authority pages,Tier 2,637,1,1,0
https://aftertaxtool.com/paycheck-deductions-calculator.html,calculator/support,US/UK,calculator or authority,39,1,High-value calculator or authority page connected to salary/take-home/payroll intent.,"No URL-level GSC export used for this implementation; selected from forensic architecture, common-query demand and weak-link evidence.",homepage; salary-after-tax-uk.html; salary-after-tax-us.html; authority pages,Tier 2,39,0,1,0
https://aftertaxtool.com/payroll-deduction-calculator.html,calculator/support,UK/US,calculator or authority,29,2,High-value calculator or authority page connected to salary/take-home/payroll intent.,"No URL-level GSC export used for this implementation; selected from forensic architecture, common-query demand and weak-link evidence.",homepage; salary-after-tax-uk.html; salary-after-tax-us.html; authority pages,Tier 2,29,0,2,0
https://aftertaxtool.com/salary-increase-calculator.html,calculator/support,UK/US,calculator or authority,115,1,High-value calculator or authority page connected to salary/take-home/payroll intent.,"No URL-level GSC export used for this implementation; selected from forensic architecture, common-query demand and weak-link evidence.",homepage; salary-after-tax-uk.html; salary-after-tax-us.html; authority pages,Tier 2,115,0,1,0
https://aftertaxtool.com/raise-after-tax-calculator.html,calculator/support,UK/US,calculator or authority,70,1,High-value calculator or authority page connected to salary/take-home/payroll intent.,"No URL-level GSC export used for this implementation; selected from forensic architecture, common-query demand and weak-link evidence.",homepage; salary-after-tax-uk.html; salary-after-tax-us.html; authority pages,Tier 2,70,0,1,0
https://aftertaxtool.com/job-offer-calculator.html,calculator/support,UK/US,calculator or authority,115,1,High-value calculator or authority page connected to salary/take-home/payroll intent.,"No URL-level GSC export used for this implementation; selected from forensic architecture, common-query demand and weak-link evidence.",homepage; salary-after-tax-uk.html; salary-after-tax-us.html; authority pages,Tier 2,115,0,1,0
https://aftertaxtool.com/compare-salary-after-tax.html,calculator/support,UK/US,calculator or authority,64,1,High-value calculator or authority page connected to salary/take-home/payroll intent.,"No URL-level GSC export used for this implementation; selected from forensic architecture, common-query demand and weak-link evidence.",homepage; salary-after-tax-uk.html; salary-after-tax-us.html; authority pages,Tier 2,64,0,1,0
https://aftertaxtool.com/six-figure-salary-after-tax.html,other,UK/US,calculator or authority,82,1,High-value calculator or authority page connected to salary/take-home/payroll intent.,"No URL-level GSC export used for this implementation; selected from forensic architecture, common-query demand and weak-link evidence.",homepage; salary-after-tax-uk.html; salary-after-tax-us.html; authority pages,Tier 2,82,0,1,0
https://aftertaxtool.com/high-income-by-state.html,other,UK/US,calculator or authority,100,1,High-value calculator or authority page connected to salary/take-home/payroll intent.,"No URL-level GSC export used for this implementation; selected from forensic architecture, common-query demand and weak-link evidence.",homepage; salary-after-tax-uk.html; salary-after-tax-us.html; authority pages,Tier 2,100,0,1,0
https://aftertaxtool.com/high-salary-budgeting.html,other,UK/US,calculator or authority,124,1,High-value calculator or authority page connected to salary/take-home/payroll intent.,"No URL-level GSC export used for this implementation; selected from forensic architecture, common-query demand and weak-link evidence.",homepage; salary-after-tax-uk.html; salary-after-tax-us.html; authority pages,Tier 2,124,0,1,0
https://aftertaxtool.com/gross-vs-net-pay.html,authority/support,UK/US,calculator or authority,18472,1,High-value calculator or authority page connected to salary/take-home/payroll intent.,"No URL-level GSC export used for this implementation; selected from forensic architecture, common-query demand and weak-link evidence.",homepage; salary-after-tax-uk.html; salary-after-tax-us.html; authority pages,Tier 2,18472,0,1,0
https://aftertaxtool.com/how-take-home-pay-is-calculated.html,other,UK/US,calculator or authority,12724,1,High-value calculator or authority page connected to salary/take-home/payroll intent.,"No URL-level GSC export used for this implementation; selected from forensic architecture, common-query demand and weak-link evidence.",homepage; salary-after-tax-uk.html; salary-after-tax-us.html; authority pages,Tier 2,12725,1,1,0
https://aftertaxtool.com/understanding-paycheck-deductions.html,calculator/support,US/UK,calculator or authority,13923,1,High-value calculator or authority page connected to salary/take-home/payroll intent.,"No URL-level GSC export used for this implementation; selected from forensic architecture, common-query demand and weak-link evidence.",homepage; salary-after-tax-uk.html; salary-after-tax-us.html; authority pages,Tier 2,13924,1,1,0
https://aftertaxtool.com/federal-tax-withholding-explained.html,authority/support,US/UK,calculator or authority,29,2,High-value calculator or authority page connected to salary/take-home/payroll intent.,"No URL-level GSC export used for this implementation; selected from forensic architecture, common-query demand and weak-link evidence.",homepage; salary-after-tax-uk.html; salary-after-tax-us.html; authority pages,Tier 2,29,0,2,0
https://aftertaxtool.com/national-insurance-explained.html,authority/support,UK/US,calculator or authority,29,2,High-value calculator or authority page connected to salary/take-home/payroll intent.,"No URL-level GSC export used for this implementation; selected from forensic architecture, common-query demand and weak-link evidence.",homepage; salary-after-tax-uk.html; salary-after-tax-us.html; authority pages,Tier 2,29,0,2,0
https://aftertaxtool.com/student-loan-deductions-explained.html,calculator/support,UK/US,calculator or authority,3,2,High-value calculator or authority page connected to salary/take-home/payroll intent.,"No URL-level GSC export used for this implementation; selected from forensic architecture, common-query demand and weak-link evidence.",homepage; salary-after-tax-uk.html; salary-after-tax-us.html; authority pages,Tier 2,4,1,2,0
https://aftertaxtool.com/salary-sacrifice-tax-explained.html,authority/support,UK/US,calculator or authority,2,2,High-value calculator or authority page connected to salary/take-home/payroll intent.,"No URL-level GSC export used for this implementation; selected from forensic architecture, common-query demand and weak-link evidence.",homepage; salary-after-tax-uk.html; salary-after-tax-us.html; authority pages,Tier 2,3,1,2,0