proposed_url,page_type,category,primary_intent,existing_or_new,source_old_url_if_any,calculator_or_content,priority,official_data_dependency,update_frequency,portfolio_overlap_risk,notes,rejection_reason
/affordability-calculator.html,guide/tool candidate,GUIDES,Affordability calculator,existing,affordability-calculator.html,content,C,Maybe,Annual,Medium,Candidate for compact V2 inventory; review before implementation.,"Removed from V2 proposed inventory: weak standalone intent, salary-lattice overlap, duplicated old calculator route, or better handled inside a hub/calculator."
/average-salary-uk-by-age.html,guide/tool candidate,PAY & TAX,Average salary uk by age,existing,average-salary-uk-by-age.html,content,C,Maybe,Annual,Medium,Candidate for compact V2 inventory; review before implementation.,"Removed from V2 proposed inventory: weak standalone intent, salary-lattice overlap, duplicated old calculator route, or better handled inside a hub/calculator."
/average-salary-uk-by-region.html,guide/tool candidate,PAY & TAX,Average salary uk by region,existing,average-salary-uk-by-region.html,content,C,Maybe,Annual,Medium,Candidate for compact V2 inventory; review before implementation.,"Removed from V2 proposed inventory: weak standalone intent, salary-lattice overlap, duplicated old calculator route, or better handled inside a hub/calculator."
/average-salary-uk.html,guide/tool candidate,PAY & TAX,Average salary uk,existing,average-salary-uk.html,content,C,Maybe,Annual,Medium,Candidate for compact V2 inventory; review before implementation.,"Removed from V2 proposed inventory: weak standalone intent, salary-lattice overlap, duplicated old calculator route, or better handled inside a hub/calculator."
/benefits-vs-salary-calculator.html,guide/tool candidate,WORK MONEY,Benefits vs salary calculator,existing,benefits-vs-salary-calculator.html,content,C,Maybe,Annual,Medium,Candidate for compact V2 inventory; review before implementation.,"Removed from V2 proposed inventory: weak standalone intent, salary-lattice overlap, duplicated old calculator route, or better handled inside a hub/calculator."
/bonus-and-compensation-comparisons.html,guide/tool candidate,WORK MONEY,Bonus and compensation comparisons,existing,bonus-and-compensation-comparisons.html,content,C,Maybe,Annual,Medium,Candidate for compact V2 inventory; review before implementation.,"Removed from V2 proposed inventory: weak standalone intent, salary-lattice overlap, duplicated old calculator route, or better handled inside a hub/calculator."
/bonus-tax-calculator-guide.html,guide/tool candidate,WORK MONEY,Bonus tax calculator guide,existing,bonus-tax-calculator-guide.html,content,C,Maybe,Annual,Medium,Candidate for compact V2 inventory; review before implementation.,"Removed from V2 proposed inventory: weak standalone intent, salary-lattice overlap, duplicated old calculator route, or better handled inside a hub/calculator."
/bonus-tax-impact-calculator.html,guide/tool candidate,WORK MONEY,Bonus tax impact calculator,existing,bonus-tax-impact-calculator.html,content,C,Maybe,Annual,Medium,Candidate for compact V2 inventory; review before implementation.,"Removed from V2 proposed inventory: weak standalone intent, salary-lattice overlap, duplicated old calculator route, or better handled inside a hub/calculator."
/bonus-vs-pay-rise-example.html,guide/tool candidate,WORK MONEY,Bonus vs pay rise example,existing,bonus-vs-pay-rise-example.html,content,C,Maybe,Annual,Medium,Candidate for compact V2 inventory; review before implementation.,"Removed from V2 proposed inventory: weak standalone intent, salary-lattice overlap, duplicated old calculator route, or better handled inside a hub/calculator."
/bonus-vs-salary-increase-calculator.html,guide/tool candidate,WORK MONEY,Bonus vs salary increase calculator,existing,bonus-vs-salary-increase-calculator.html,content,C,Maybe,Annual,Medium,Candidate for compact V2 inventory; review before implementation.,"Removed from V2 proposed inventory: weak standalone intent, salary-lattice overlap, duplicated old calculator route, or better handled inside a hub/calculator."
/compensation-package-planning.html,guide/tool candidate,WORK MONEY,Compensation package planning,existing,compensation-package-planning.html,content,C,Maybe,Annual,Medium,Candidate for compact V2 inventory; review before implementation.,"Removed from V2 proposed inventory: weak standalone intent, salary-lattice overlap, duplicated old calculator route, or better handled inside a hub/calculator."
/cost-of-living-comparison-calculator.html,guide/tool candidate,HOUSEHOLD MONEY,Cost of living comparison calculator,existing,cost-of-living-comparison-calculator.html,content,C,Maybe,Annual,Medium,Candidate for compact V2 inventory; review before implementation.,"Removed from V2 proposed inventory: weak standalone intent, salary-lattice overlap, duplicated old calculator route, or better handled inside a hub/calculator."
/cost-of-living-job-offer-calculator.html,guide/tool candidate,HOUSEHOLD MONEY,Cost of living job offer calculator,existing,cost-of-living-job-offer-calculator.html,content,C,Maybe,Annual,Medium,Candidate for compact V2 inventory; review before implementation.,"Removed from V2 proposed inventory: weak standalone intent, salary-lattice overlap, duplicated old calculator route, or better handled inside a hub/calculator."
/debt-to-income-calculator.html,guide/tool candidate,BORROWING & DEBT,Debt to income calculator,existing,debt-to-income-calculator.html,content,C,Maybe,Annual,Medium,Candidate for compact V2 inventory; review before implementation.,"Removed from V2 proposed inventory: weak standalone intent, salary-lattice overlap, duplicated old calculator route, or better handled inside a hub/calculator."
/employee-benefit-tax-calculator.html,guide/tool candidate,WORK MONEY,Employee benefit tax calculator,existing,employee-benefit-tax-calculator.html,content,C,Maybe,Annual,Medium,Candidate for compact V2 inventory; review before implementation.,"Removed from V2 proposed inventory: weak standalone intent, salary-lattice overlap, duplicated old calculator route, or better handled inside a hub/calculator."
/employee-benefits-calculators.html,guide/tool candidate,WORK MONEY,Employee benefits calculators,existing,employee-benefits-calculators.html,content,C,Maybe,Annual,Medium,Candidate for compact V2 inventory; review before implementation.,"Removed from V2 proposed inventory: weak standalone intent, salary-lattice overlap, duplicated old calculator route, or better handled inside a hub/calculator."
/employee-tax-guides.html,guide/tool candidate,PAY & TAX,Employee tax guides,existing,employee-tax-guides.html,content,C,Maybe,Annual,Medium,Candidate for compact V2 inventory; review before implementation.,"Removed from V2 proposed inventory: weak standalone intent, salary-lattice overlap, duplicated old calculator route, or better handled inside a hub/calculator."
/employer-pension-value-calculator.html,guide/tool candidate,WORK MONEY,Employer pension value calculator,existing,employer-pension-value-calculator.html,content,C,Maybe,Annual,Medium,Candidate for compact V2 inventory; review before implementation.,"Removed from V2 proposed inventory: weak standalone intent, salary-lattice overlap, duplicated old calculator route, or better handled inside a hub/calculator."
/how-much-more-salary-do-you-need-to-move-jobs.html,guide/tool candidate,WORK MONEY,How much more salary do you need to move jobs,existing,how-much-more-salary-do-you-need-to-move-jobs.html,content,C,Maybe,Annual,Medium,Candidate for compact V2 inventory; review before implementation.,"Removed from V2 proposed inventory: weak standalone intent, salary-lattice overlap, duplicated old calculator route, or better handled inside a hub/calculator."
/is-100000-a-good-salary-uk.html,guide/tool candidate,PAY & TAX,Is 100000 a good salary uk,existing,is-100000-a-good-salary-uk.html,content,C,Maybe,Annual,Medium,Candidate for compact V2 inventory; review before implementation.,"Removed from V2 proposed inventory: weak standalone intent, salary-lattice overlap, duplicated old calculator route, or better handled inside a hub/calculator."
/is-100000-a-good-salary-us.html,guide/tool candidate,PAY & TAX,Is 100000 a good salary us,existing,is-100000-a-good-salary-us.html,content,C,Maybe,Annual,Medium,Candidate for compact V2 inventory; review before implementation.,"Removed from V2 proposed inventory: weak standalone intent, salary-lattice overlap, duplicated old calculator route, or better handled inside a hub/calculator."
/is-120000-a-good-salary-uk.html,guide/tool candidate,PAY & TAX,Is 120000 a good salary uk,existing,is-120000-a-good-salary-uk.html,content,C,Maybe,Annual,Medium,Candidate for compact V2 inventory; review before implementation.,"Removed from V2 proposed inventory: weak standalone intent, salary-lattice overlap, duplicated old calculator route, or better handled inside a hub/calculator."
/is-120000-a-good-salary-us.html,guide/tool candidate,PAY & TAX,Is 120000 a good salary us,existing,is-120000-a-good-salary-us.html,content,C,Maybe,Annual,Medium,Candidate for compact V2 inventory; review before implementation.,"Removed from V2 proposed inventory: weak standalone intent, salary-lattice overlap, duplicated old calculator route, or better handled inside a hub/calculator."
/is-25000-a-good-salary-uk.html,guide/tool candidate,PAY & TAX,Is 25000 a good salary uk,existing,is-25000-a-good-salary-uk.html,content,C,Maybe,Annual,Medium,Candidate for compact V2 inventory; review before implementation.,"Removed from V2 proposed inventory: weak standalone intent, salary-lattice overlap, duplicated old calculator route, or better handled inside a hub/calculator."
/is-30000-a-good-salary-uk.html,guide/tool candidate,PAY & TAX,Is 30000 a good salary uk,existing,is-30000-a-good-salary-uk.html,content,C,Maybe,Annual,Medium,Candidate for compact V2 inventory; review before implementation.,"Removed from V2 proposed inventory: weak standalone intent, salary-lattice overlap, duplicated old calculator route, or better handled inside a hub/calculator."
/is-32000-a-good-salary-uk.html,guide/tool candidate,PAY & TAX,Is 32000 a good salary uk,existing,is-32000-a-good-salary-uk.html,content,C,Maybe,Annual,Medium,Candidate for compact V2 inventory; review before implementation.,"Removed from V2 proposed inventory: weak standalone intent, salary-lattice overlap, duplicated old calculator route, or better handled inside a hub/calculator."
/is-35000-a-good-salary-uk.html,guide/tool candidate,PAY & TAX,Is 35000 a good salary uk,existing,is-35000-a-good-salary-uk.html,content,C,Maybe,Annual,Medium,Candidate for compact V2 inventory; review before implementation.,"Removed from V2 proposed inventory: weak standalone intent, salary-lattice overlap, duplicated old calculator route, or better handled inside a hub/calculator."
/is-40000-a-good-salary-uk.html,guide/tool candidate,PAY & TAX,Is 40000 a good salary uk,existing,is-40000-a-good-salary-uk.html,content,C,Maybe,Annual,Medium,Candidate for compact V2 inventory; review before implementation.,"Removed from V2 proposed inventory: weak standalone intent, salary-lattice overlap, duplicated old calculator route, or better handled inside a hub/calculator."
/is-42000-a-good-salary-uk.html,guide/tool candidate,PAY & TAX,Is 42000 a good salary uk,existing,is-42000-a-good-salary-uk.html,content,C,Maybe,Annual,Medium,Candidate for compact V2 inventory; review before implementation.,"Removed from V2 proposed inventory: weak standalone intent, salary-lattice overlap, duplicated old calculator route, or better handled inside a hub/calculator."
/is-45000-a-good-salary-uk.html,guide/tool candidate,PAY & TAX,Is 45000 a good salary uk,existing,is-45000-a-good-salary-uk.html,content,C,Maybe,Annual,Medium,Candidate for compact V2 inventory; review before implementation.,"Removed from V2 proposed inventory: weak standalone intent, salary-lattice overlap, duplicated old calculator route, or better handled inside a hub/calculator."
/is-48000-a-good-salary-uk.html,guide/tool candidate,PAY & TAX,Is 48000 a good salary uk,existing,is-48000-a-good-salary-uk.html,content,C,Maybe,Annual,Medium,Candidate for compact V2 inventory; review before implementation.,"Removed from V2 proposed inventory: weak standalone intent, salary-lattice overlap, duplicated old calculator route, or better handled inside a hub/calculator."
/is-50000-a-good-salary-uk.html,guide/tool candidate,PAY & TAX,Is 50000 a good salary uk,existing,is-50000-a-good-salary-uk.html,content,C,Maybe,Annual,Medium,Candidate for compact V2 inventory; review before implementation.,"Removed from V2 proposed inventory: weak standalone intent, salary-lattice overlap, duplicated old calculator route, or better handled inside a hub/calculator."
/is-50000-a-good-salary-us.html,guide/tool candidate,PAY & TAX,Is 50000 a good salary us,existing,is-50000-a-good-salary-us.html,content,C,Maybe,Annual,Medium,Candidate for compact V2 inventory; review before implementation.,"Removed from V2 proposed inventory: weak standalone intent, salary-lattice overlap, duplicated old calculator route, or better handled inside a hub/calculator."
/is-52000-a-good-salary-uk.html,guide/tool candidate,PAY & TAX,Is 52000 a good salary uk,existing,is-52000-a-good-salary-uk.html,content,C,Maybe,Annual,Medium,Candidate for compact V2 inventory; review before implementation.,"Removed from V2 proposed inventory: weak standalone intent, salary-lattice overlap, duplicated old calculator route, or better handled inside a hub/calculator."
/is-55000-a-good-salary-uk.html,guide/tool candidate,PAY & TAX,Is 55000 a good salary uk,existing,is-55000-a-good-salary-uk.html,content,C,Maybe,Annual,Medium,Candidate for compact V2 inventory; review before implementation.,"Removed from V2 proposed inventory: weak standalone intent, salary-lattice overlap, duplicated old calculator route, or better handled inside a hub/calculator."
/is-60000-a-good-salary-uk.html,guide/tool candidate,PAY & TAX,Is 60000 a good salary uk,existing,is-60000-a-good-salary-uk.html,content,C,Maybe,Annual,Medium,Candidate for compact V2 inventory; review before implementation.,"Removed from V2 proposed inventory: weak standalone intent, salary-lattice overlap, duplicated old calculator route, or better handled inside a hub/calculator."
/is-60000-a-good-salary-us.html,guide/tool candidate,PAY & TAX,Is 60000 a good salary us,existing,is-60000-a-good-salary-us.html,content,C,Maybe,Annual,Medium,Candidate for compact V2 inventory; review before implementation.,"Removed from V2 proposed inventory: weak standalone intent, salary-lattice overlap, duplicated old calculator route, or better handled inside a hub/calculator."
/is-65000-a-good-salary-uk.html,guide/tool candidate,PAY & TAX,Is 65000 a good salary uk,existing,is-65000-a-good-salary-uk.html,content,C,Maybe,Annual,Medium,Candidate for compact V2 inventory; review before implementation.,"Removed from V2 proposed inventory: weak standalone intent, salary-lattice overlap, duplicated old calculator route, or better handled inside a hub/calculator."
/is-70000-a-good-salary-uk.html,guide/tool candidate,PAY & TAX,Is 70000 a good salary uk,existing,is-70000-a-good-salary-uk.html,content,C,Maybe,Annual,Medium,Candidate for compact V2 inventory; review before implementation.,"Removed from V2 proposed inventory: weak standalone intent, salary-lattice overlap, duplicated old calculator route, or better handled inside a hub/calculator."
/is-70000-a-good-salary-us.html,guide/tool candidate,PAY & TAX,Is 70000 a good salary us,existing,is-70000-a-good-salary-us.html,content,C,Maybe,Annual,Medium,Candidate for compact V2 inventory; review before implementation.,"Removed from V2 proposed inventory: weak standalone intent, salary-lattice overlap, duplicated old calculator route, or better handled inside a hub/calculator."
/is-75000-a-good-salary-uk.html,guide/tool candidate,PAY & TAX,Is 75000 a good salary uk,existing,is-75000-a-good-salary-uk.html,content,C,Maybe,Annual,Medium,Candidate for compact V2 inventory; review before implementation.,"Removed from V2 proposed inventory: weak standalone intent, salary-lattice overlap, duplicated old calculator route, or better handled inside a hub/calculator."
/is-80000-a-good-salary-uk.html,guide/tool candidate,PAY & TAX,Is 80000 a good salary uk,existing,is-80000-a-good-salary-uk.html,content,C,Maybe,Annual,Medium,Candidate for compact V2 inventory; review before implementation.,"Removed from V2 proposed inventory: weak standalone intent, salary-lattice overlap, duplicated old calculator route, or better handled inside a hub/calculator."
/is-80000-a-good-salary-us.html,guide/tool candidate,PAY & TAX,Is 80000 a good salary us,existing,is-80000-a-good-salary-us.html,content,C,Maybe,Annual,Medium,Candidate for compact V2 inventory; review before implementation.,"Removed from V2 proposed inventory: weak standalone intent, salary-lattice overlap, duplicated old calculator route, or better handled inside a hub/calculator."
/is-85000-a-good-salary-uk.html,guide/tool candidate,PAY & TAX,Is 85000 a good salary uk,existing,is-85000-a-good-salary-uk.html,content,C,Maybe,Annual,Medium,Candidate for compact V2 inventory; review before implementation.,"Removed from V2 proposed inventory: weak standalone intent, salary-lattice overlap, duplicated old calculator route, or better handled inside a hub/calculator."
/is-90000-a-good-salary-california.html,guide/tool candidate,PAY & TAX,Is 90000 a good salary california,existing,is-90000-a-good-salary-california.html,content,C,Maybe,Annual,Medium,Candidate for compact V2 inventory; review before implementation.,"Removed from V2 proposed inventory: weak standalone intent, salary-lattice overlap, duplicated old calculator route, or better handled inside a hub/calculator."
/is-90000-a-good-salary-uk.html,guide/tool candidate,PAY & TAX,Is 90000 a good salary uk,existing,is-90000-a-good-salary-uk.html,content,C,Maybe,Annual,Medium,Candidate for compact V2 inventory; review before implementation.,"Removed from V2 proposed inventory: weak standalone intent, salary-lattice overlap, duplicated old calculator route, or better handled inside a hub/calculator."
/is-a-pay-rise-worth-it.html,guide/tool candidate,WORK MONEY,Is a pay rise worth it,existing,is-a-pay-rise-worth-it.html,content,C,Maybe,Annual,Medium,Candidate for compact V2 inventory; review before implementation.,"Removed from V2 proposed inventory: weak standalone intent, salary-lattice overlap, duplicated old calculator route, or better handled inside a hub/calculator."
/job-offer-after-tax-calculator.html,guide/tool candidate,WORK MONEY,Job offer after tax calculator,existing,job-offer-after-tax-calculator.html,content,C,Maybe,Annual,Medium,Candidate for compact V2 inventory; review before implementation.,"Removed from V2 proposed inventory: weak standalone intent, salary-lattice overlap, duplicated old calculator route, or better handled inside a hub/calculator."
/job-offer-calculator.html,guide/tool candidate,WORK MONEY,Job offer calculator,existing,job-offer-calculator.html,content,C,Maybe,Annual,Medium,Candidate for compact V2 inventory; review before implementation.,"Removed from V2 proposed inventory: weak standalone intent, salary-lattice overlap, duplicated old calculator route, or better handled inside a hub/calculator."
/job-offer-salary-calculators.html,guide/tool candidate,WORK MONEY,Job offer salary calculators,existing,job-offer-salary-calculators.html,content,C,Maybe,Annual,Medium,Candidate for compact V2 inventory; review before implementation.,"Removed from V2 proposed inventory: weak standalone intent, salary-lattice overlap, duplicated old calculator route, or better handled inside a hub/calculator."
/median-salary-uk.html,guide/tool candidate,PAY & TAX,Median salary uk,existing,median-salary-uk.html,content,C,Maybe,Annual,Medium,Candidate for compact V2 inventory; review before implementation.,"Removed from V2 proposed inventory: weak standalone intent, salary-lattice overlap, duplicated old calculator route, or better handled inside a hub/calculator."
/monthly-budget-calculator.html,guide/tool candidate,HOUSEHOLD MONEY,Monthly budget calculator,existing,monthly-budget-calculator.html,content,C,Maybe,Annual,Medium,Candidate for compact V2 inventory; review before implementation.,"Removed from V2 proposed inventory: weak standalone intent, salary-lattice overlap, duplicated old calculator route, or better handled inside a hub/calculator."
/monthly-pay-after-tax-calculator.html,guide/tool candidate,PAY & TAX,Monthly pay after tax calculator,existing,monthly-pay-after-tax-calculator.html,content,C,Maybe,Annual,Medium,Candidate for compact V2 inventory; review before implementation.,"Removed from V2 proposed inventory: weak standalone intent, salary-lattice overlap, duplicated old calculator route, or better handled inside a hub/calculator."
/mortgage-affordability-by-salary.html,guide/tool candidate,BORROWING & DEBT,Mortgage affordability by salary,existing,mortgage-affordability-by-salary.html,content,C,Maybe,Annual,Medium,Candidate for compact V2 inventory; review before implementation.,"Removed from V2 proposed inventory: weak standalone intent, salary-lattice overlap, duplicated old calculator route, or better handled inside a hub/calculator."
/mortgage-affordability-calculator.html,guide/tool candidate,BORROWING & DEBT,Mortgage affordability calculator,existing,mortgage-affordability-calculator.html,content,C,Maybe,Annual,Medium,Candidate for compact V2 inventory; review before implementation.,"Removed from V2 proposed inventory: weak standalone intent, salary-lattice overlap, duplicated old calculator route, or better handled inside a hub/calculator."
/pay-rise-calculator.html,guide/tool candidate,WORK MONEY,Pay rise calculator,existing,pay-rise-calculator.html,content,C,Maybe,Annual,Medium,Candidate for compact V2 inventory; review before implementation.,"Removed from V2 proposed inventory: weak standalone intent, salary-lattice overlap, duplicated old calculator route, or better handled inside a hub/calculator."
/paycheck-deductions-calculator.html,guide/tool candidate,PAY & TAX,Paycheck deductions calculator,existing,paycheck-deductions-calculator.html,content,C,Maybe,Annual,Medium,Candidate for compact V2 inventory; review before implementation.,"Removed from V2 proposed inventory: weak standalone intent, salary-lattice overlap, duplicated old calculator route, or better handled inside a hub/calculator."
/payroll-deduction-calculator.html,guide/tool candidate,PAY & TAX,Payroll deduction calculator,existing,payroll-deduction-calculator.html,content,C,Maybe,Annual,Medium,Candidate for compact V2 inventory; review before implementation.,"Removed from V2 proposed inventory: weak standalone intent, salary-lattice overlap, duplicated old calculator route, or better handled inside a hub/calculator."
/pension-vs-salary-calculator.html,guide/tool candidate,WORK MONEY,Pension vs salary calculator,existing,pension-vs-salary-calculator.html,content,C,Maybe,Annual,Medium,Candidate for compact V2 inventory; review before implementation.,"Removed from V2 proposed inventory: weak standalone intent, salary-lattice overlap, duplicated old calculator route, or better handled inside a hub/calculator."
/promotion-calculator.html,guide/tool candidate,GUIDES,Promotion calculator,existing,promotion-calculator.html,content,C,Maybe,Annual,Medium,Candidate for compact V2 inventory; review before implementation.,"Removed from V2 proposed inventory: weak standalone intent, salary-lattice overlap, duplicated old calculator route, or better handled inside a hub/calculator."
/raise-after-tax-calculator.html,guide/tool candidate,WORK MONEY,Raise after tax calculator,existing,raise-after-tax-calculator.html,content,C,Maybe,Annual,Medium,Candidate for compact V2 inventory; review before implementation.,"Removed from V2 proposed inventory: weak standalone intent, salary-lattice overlap, duplicated old calculator route, or better handled inside a hub/calculator."
/relocating-for-higher-salary.html,guide/tool candidate,PAY & TAX,Relocating for higher salary,existing,relocating-for-higher-salary.html,content,C,Maybe,Annual,Medium,Candidate for compact V2 inventory; review before implementation.,"Removed from V2 proposed inventory: weak standalone intent, salary-lattice overlap, duplicated old calculator route, or better handled inside a hub/calculator."
/relocation-salary-calculator.html,guide/tool candidate,PAY & TAX,Relocation salary calculator,existing,relocation-salary-calculator.html,content,C,Maybe,Annual,Medium,Candidate for compact V2 inventory; review before implementation.,"Removed from V2 proposed inventory: weak standalone intent, salary-lattice overlap, duplicated old calculator route, or better handled inside a hub/calculator."
/salary-after-tax-100000-200000-us.html,guide/tool candidate,PAY & TAX,Salary after tax 100000 200000 us,existing,salary-after-tax-100000-200000-us.html,content,C,Maybe,Annual,Medium,Candidate for compact V2 inventory; review before implementation.,"Removed from V2 proposed inventory: weak standalone intent, salary-lattice overlap, duplicated old calculator route, or better handled inside a hub/calculator."
/salary-after-tax-100000-plus-uk.html,guide/tool candidate,PAY & TAX,Salary after tax 100000 plus uk,existing,salary-after-tax-100000-plus-uk.html,content,C,Maybe,Annual,Medium,Candidate for compact V2 inventory; review before implementation.,"Removed from V2 proposed inventory: weak standalone intent, salary-lattice overlap, duplicated old calculator route, or better handled inside a hub/calculator."
/salary-after-tax-20000-30000-uk.html,guide/tool candidate,PAY & TAX,Salary after tax 20000 30000 uk,existing,salary-after-tax-20000-30000-uk.html,content,C,Maybe,Annual,Medium,Candidate for compact V2 inventory; review before implementation.,"Removed from V2 proposed inventory: weak standalone intent, salary-lattice overlap, duplicated old calculator route, or better handled inside a hub/calculator."
/salary-after-tax-20000-50000-us.html,guide/tool candidate,PAY & TAX,Salary after tax 20000 50000 us,existing,salary-after-tax-20000-50000-us.html,content,C,Maybe,Annual,Medium,Candidate for compact V2 inventory; review before implementation.,"Removed from V2 proposed inventory: weak standalone intent, salary-lattice overlap, duplicated old calculator route, or better handled inside a hub/calculator."
/salary-after-tax-200000-plus-us.html,guide/tool candidate,PAY & TAX,Salary after tax 200000 plus us,existing,salary-after-tax-200000-plus-us.html,content,C,Maybe,Annual,Medium,Candidate for compact V2 inventory; review before implementation.,"Removed from V2 proposed inventory: weak standalone intent, salary-lattice overlap, duplicated old calculator route, or better handled inside a hub/calculator."
/salary-after-tax-30000-40000-uk.html,guide/tool candidate,PAY & TAX,Salary after tax 30000 40000 uk,existing,salary-after-tax-30000-40000-uk.html,content,C,Maybe,Annual,Medium,Candidate for compact V2 inventory; review before implementation.,"Removed from V2 proposed inventory: weak standalone intent, salary-lattice overlap, duplicated old calculator route, or better handled inside a hub/calculator."
/salary-after-tax-30000-50000-uk.html,guide/tool candidate,PAY & TAX,Salary after tax 30000 50000 uk,existing,salary-after-tax-30000-50000-uk.html,content,C,Maybe,Annual,Medium,Candidate for compact V2 inventory; review before implementation.,"Removed from V2 proposed inventory: weak standalone intent, salary-lattice overlap, duplicated old calculator route, or better handled inside a hub/calculator."
/salary-after-tax-40000-50000-uk.html,guide/tool candidate,PAY & TAX,Salary after tax 40000 50000 uk,existing,salary-after-tax-40000-50000-uk.html,content,C,Maybe,Annual,Medium,Candidate for compact V2 inventory; review before implementation.,"Removed from V2 proposed inventory: weak standalone intent, salary-lattice overlap, duplicated old calculator route, or better handled inside a hub/calculator."
/salary-after-tax-50000-100000-us.html,guide/tool candidate,PAY & TAX,Salary after tax 50000 100000 us,existing,salary-after-tax-50000-100000-us.html,content,C,Maybe,Annual,Medium,Candidate for compact V2 inventory; review before implementation.,"Removed from V2 proposed inventory: weak standalone intent, salary-lattice overlap, duplicated old calculator route, or better handled inside a hub/calculator."
/salary-after-tax-50000-60000-uk.html,guide/tool candidate,PAY & TAX,Salary after tax 50000 60000 uk,existing,salary-after-tax-50000-60000-uk.html,content,C,Maybe,Annual,Medium,Candidate for compact V2 inventory; review before implementation.,"Removed from V2 proposed inventory: weak standalone intent, salary-lattice overlap, duplicated old calculator route, or better handled inside a hub/calculator."
/salary-after-tax-50000-80000-uk.html,guide/tool candidate,PAY & TAX,Salary after tax 50000 80000 uk,existing,salary-after-tax-50000-80000-uk.html,content,C,Maybe,Annual,Medium,Candidate for compact V2 inventory; review before implementation.,"Removed from V2 proposed inventory: weak standalone intent, salary-lattice overlap, duplicated old calculator route, or better handled inside a hub/calculator."
/salary-after-tax-60000-80000-uk.html,guide/tool candidate,PAY & TAX,Salary after tax 60000 80000 uk,existing,salary-after-tax-60000-80000-uk.html,content,C,Maybe,Annual,Medium,Candidate for compact V2 inventory; review before implementation.,"Removed from V2 proposed inventory: weak standalone intent, salary-lattice overlap, duplicated old calculator route, or better handled inside a hub/calculator."
/salary-after-tax-80000-100000-uk.html,guide/tool candidate,PAY & TAX,Salary after tax 80000 100000 uk,existing,salary-after-tax-80000-100000-uk.html,content,C,Maybe,Annual,Medium,Candidate for compact V2 inventory; review before implementation.,"Removed from V2 proposed inventory: weak standalone intent, salary-lattice overlap, duplicated old calculator route, or better handled inside a hub/calculator."
/salary-after-tax-by-income.html,guide/tool candidate,PAY & TAX,Salary after tax by income,existing,salary-after-tax-by-income.html,content,C,Maybe,Annual,Medium,Candidate for compact V2 inventory; review before implementation.,"Removed from V2 proposed inventory: weak standalone intent, salary-lattice overlap, duplicated old calculator route, or better handled inside a hub/calculator."
/30000-salary-after-tax-uk.html,example,PAY & TAX,"UK salary after tax example for 30,000",existing,30000-salary-after-tax-uk.html,content,C,Yes,Annual,High with SalaryDecoded,Keep only as a small flagship example set if human review approves.,"Removed from V2 proposed inventory: weak standalone intent, salary-lattice overlap, duplicated old calculator route, or better handled inside a hub/calculator."
/30000-salary-after-tax-us.html,example,PAY & TAX,"US salary after tax example for 30,000",existing,30000-salary-after-tax-us.html,content,C,Yes,Annual,High with SalaryDecoded,Keep only as a small flagship example set if human review approves.,"Removed from V2 proposed inventory: weak standalone intent, salary-lattice overlap, duplicated old calculator route, or better handled inside a hub/calculator."
/40000-salary-after-tax-uk.html,example,PAY & TAX,"UK salary after tax example for 40,000",existing,40000-salary-after-tax-uk.html,content,C,Yes,Annual,High with SalaryDecoded,Keep only as a small flagship example set if human review approves.,"Removed from V2 proposed inventory: weak standalone intent, salary-lattice overlap, duplicated old calculator route, or better handled inside a hub/calculator."
/40000-salary-after-tax-us.html,example,PAY & TAX,"US salary after tax example for 40,000",existing,40000-salary-after-tax-us.html,content,C,Yes,Annual,High with SalaryDecoded,Keep only as a small flagship example set if human review approves.,"Removed from V2 proposed inventory: weak standalone intent, salary-lattice overlap, duplicated old calculator route, or better handled inside a hub/calculator."
/50000-salary-after-tax-uk.html,example,PAY & TAX,"UK salary after tax example for 50,000",existing,50000-salary-after-tax-uk.html,content,C,Yes,Annual,High with SalaryDecoded,Keep only as a small flagship example set if human review approves.,"Removed from V2 proposed inventory: weak standalone intent, salary-lattice overlap, duplicated old calculator route, or better handled inside a hub/calculator."
/50000-salary-after-tax-us.html,example,PAY & TAX,"US salary after tax example for 50,000",existing,50000-salary-after-tax-us.html,content,C,Yes,Annual,High with SalaryDecoded,Keep only as a small flagship example set if human review approves.,"Removed from V2 proposed inventory: weak standalone intent, salary-lattice overlap, duplicated old calculator route, or better handled inside a hub/calculator."
/60000-salary-after-tax-uk.html,example,PAY & TAX,"UK salary after tax example for 60,000",existing,60000-salary-after-tax-uk.html,content,C,Yes,Annual,High with SalaryDecoded,Keep only as a small flagship example set if human review approves.,"Removed from V2 proposed inventory: weak standalone intent, salary-lattice overlap, duplicated old calculator route, or better handled inside a hub/calculator."
/60000-salary-after-tax-us.html,example,PAY & TAX,"US salary after tax example for 60,000",existing,60000-salary-after-tax-us.html,content,C,Yes,Annual,High with SalaryDecoded,Keep only as a small flagship example set if human review approves.,"Removed from V2 proposed inventory: weak standalone intent, salary-lattice overlap, duplicated old calculator route, or better handled inside a hub/calculator."
/80000-salary-after-tax-uk.html,example,PAY & TAX,"UK salary after tax example for 80,000",existing,80000-salary-after-tax-uk.html,content,C,Yes,Annual,High with SalaryDecoded,Keep only as a small flagship example set if human review approves.,"Removed from V2 proposed inventory: weak standalone intent, salary-lattice overlap, duplicated old calculator route, or better handled inside a hub/calculator."
/80000-salary-after-tax-us.html,example,PAY & TAX,"US salary after tax example for 80,000",existing,80000-salary-after-tax-us.html,content,C,Yes,Annual,High with SalaryDecoded,Keep only as a small flagship example set if human review approves.,"Removed from V2 proposed inventory: weak standalone intent, salary-lattice overlap, duplicated old calculator route, or better handled inside a hub/calculator."
/100000-salary-after-tax-uk.html,example,PAY & TAX,"UK salary after tax example for 100,000",existing,100000-salary-after-tax-uk.html,content,C,Yes,Annual,High with SalaryDecoded,Keep only as a small flagship example set if human review approves.,"Removed from V2 proposed inventory: weak standalone intent, salary-lattice overlap, duplicated old calculator route, or better handled inside a hub/calculator."
/100000-salary-after-tax-us.html,example,PAY & TAX,"US salary after tax example for 100,000",existing,100000-salary-after-tax-us.html,content,C,Yes,Annual,High with SalaryDecoded,Keep only as a small flagship example set if human review approves.,"Removed from V2 proposed inventory: weak standalone intent, salary-lattice overlap, duplicated old calculator route, or better handled inside a hub/calculator."
/150000-salary-after-tax-uk.html,example,PAY & TAX,"UK salary after tax example for 150,000",existing,150000-salary-after-tax-uk.html,content,C,Yes,Annual,High with SalaryDecoded,Keep only as a small flagship example set if human review approves.,"Removed from V2 proposed inventory: weak standalone intent, salary-lattice overlap, duplicated old calculator route, or better handled inside a hub/calculator."
/150000-salary-after-tax-us.html,example,PAY & TAX,"US salary after tax example for 150,000",existing,150000-salary-after-tax-us.html,content,C,Yes,Annual,High with SalaryDecoded,Keep only as a small flagship example set if human review approves.,"Removed from V2 proposed inventory: weak standalone intent, salary-lattice overlap, duplicated old calculator route, or better handled inside a hub/calculator."
/200000-salary-after-tax-uk.html,example,PAY & TAX,"UK salary after tax example for 200,000",existing,200000-salary-after-tax-uk.html,content,C,Yes,Annual,High with SalaryDecoded,Keep only as a small flagship example set if human review approves.,"Removed from V2 proposed inventory: weak standalone intent, salary-lattice overlap, duplicated old calculator route, or better handled inside a hub/calculator."
/200000-salary-after-tax-us.html,example,PAY & TAX,"US salary after tax example for 200,000",existing,200000-salary-after-tax-us.html,content,C,Yes,Annual,High with SalaryDecoded,Keep only as a small flagship example set if human review approves.,"Removed from V2 proposed inventory: weak standalone intent, salary-lattice overlap, duplicated old calculator route, or better handled inside a hub/calculator."
